Xinxing fashi	Xinxing, 	http://data.bnf.fr/ark:/12148/cb13743097j#foaf:Person	http://www.idref.fr/078614562
 Xinxing	Xinxing, 	http://data.bnf.fr/ark:/12148/cb13743097j#foaf:Person	http://www.idref.fr/078614562
Xinxing	Xinxing, 	http://data.bnf.fr/ark:/12148/cb13743097j#foaf:Person	http://www.idref.fr/078614562
 Xinxing	Xinxing, 	http://data.bnf.fr/ark:/12148/cb13743097j#foaf:Person	http://www.idref.fr/078614562
. Xinxing	Xinxing, 	http://data.bnf.fr/ark:/12148/cb13743097j#foaf:Person	http://www.idref.fr/078614562
M Xinxing	Xinxing, 	http://data.bnf.fr/ark:/12148/cb13743097j#foaf:Person	http://www.idref.fr/078614562
M  Xinxing	Xinxing, 	http://data.bnf.fr/ark:/12148/cb13743097j#foaf:Person	http://www.idref.fr/078614562
M. Xinxing	Xinxing, 	http://data.bnf.fr/ark:/12148/cb13743097j#foaf:Person	http://www.idref.fr/078614562
M.  Xinxing	Xinxing, 	http://data.bnf.fr/ark:/12148/cb13743097j#foaf:Person	http://www.idref.fr/078614562
Shingyo	Xinxing, 	http://data.bnf.fr/ark:/12148/cb13743097j#foaf:Person	http://www.idref.fr/078614562
Xin Xing	Xinxing, 	http://data.bnf.fr/ark:/12148/cb13743097j#foaf:Person	http://www.idref.fr/078614562
Hsin-hsing	Xinxing, 	http://data.bnf.fr/ark:/12148/cb13743097j#foaf:Person	http://www.idref.fr/078614562
Hsin-hsing-fa-shih	Xinxing, 	http://data.bnf.fr/ark:/12148/cb13743097j#foaf:Person	http://www.idref.fr/078614562
Zankun Xu	Xu, Di shan (1893-1941)	http://data.bnf.fr/ark:/12148/cb135417175#foaf:Person	http://www.idref.fr/050726951	http://dbpedia.org/resource/Xu_Dishan
Di shan Xu	Xu, Di shan (1893-1941)	http://data.bnf.fr/ark:/12148/cb135417175#foaf:Person	http://www.idref.fr/050726951	http://dbpedia.org/resource/Xu_Dishan
Xu	Xu, Di shan (1893-1941)	http://data.bnf.fr/ark:/12148/cb135417175#foaf:Person	http://www.idref.fr/050726951	http://dbpedia.org/resource/Xu_Dishan
D Xu	Xu, Di shan (1893-1941)	http://data.bnf.fr/ark:/12148/cb135417175#foaf:Person	http://www.idref.fr/050726951	http://dbpedia.org/resource/Xu_Dishan
D. Xu	Xu, Di shan (1893-1941)	http://data.bnf.fr/ark:/12148/cb135417175#foaf:Person	http://www.idref.fr/050726951	http://dbpedia.org/resource/Xu_Dishan
M Xu	Xu, Di shan (1893-1941)	http://data.bnf.fr/ark:/12148/cb135417175#foaf:Person	http://www.idref.fr/050726951	http://dbpedia.org/resource/Xu_Dishan
M Di shan Xu	Xu, Di shan (1893-1941)	http://data.bnf.fr/ark:/12148/cb135417175#foaf:Person	http://www.idref.fr/050726951	http://dbpedia.org/resource/Xu_Dishan
M. Xu	Xu, Di shan (1893-1941)	http://data.bnf.fr/ark:/12148/cb135417175#foaf:Person	http://www.idref.fr/050726951	http://dbpedia.org/resource/Xu_Dishan
M. Di shan Xu	Xu, Di shan (1893-1941)	http://data.bnf.fr/ark:/12148/cb135417175#foaf:Person	http://www.idref.fr/050726951	http://dbpedia.org/resource/Xu_Dishan
Ti-Shan Hsü	Xu, Di shan (1893-1941)	http://data.bnf.fr/ark:/12148/cb135417175#foaf:Person	http://www.idref.fr/050726951	http://dbpedia.org/resource/Xu_Dishan
Luo hua sheng	Xu, Di shan (1893-1941)	http://data.bnf.fr/ark:/12148/cb135417175#foaf:Person	http://www.idref.fr/050726951	http://dbpedia.org/resource/Xu_Dishan
Dishan Xu	Xu, Di shan (1893-1941)	http://data.bnf.fr/ark:/12148/cb135417175#foaf:Person	http://www.idref.fr/050726951	http://dbpedia.org/resource/Xu_Dishan
地山 许	Xu, Di shan (1893-1941)	http://data.bnf.fr/ark:/12148/cb135417175#foaf:Person	http://www.idref.fr/050726951	http://dbpedia.org/resource/Xu_Dishan
Francisco Ximénez	Ximénez, Francisco (1666--)	http://data.bnf.fr/ark:/12148/cb12134375x#foaf:Person	http://dbpedia.org/resource/Francisco_Ximénez	http://www.idref.fr/029794323
Ximénez	Ximénez, Francisco (1666--)	http://data.bnf.fr/ark:/12148/cb12134375x#foaf:Person	http://dbpedia.org/resource/Francisco_Ximénez	http://www.idref.fr/029794323
F Ximénez	Ximénez, Francisco (1666--)	http://data.bnf.fr/ark:/12148/cb12134375x#foaf:Person	http://dbpedia.org/resource/Francisco_Ximénez	http://www.idref.fr/029794323
F. Ximénez	Ximénez, Francisco (1666--)	http://data.bnf.fr/ark:/12148/cb12134375x#foaf:Person	http://dbpedia.org/resource/Francisco_Ximénez	http://www.idref.fr/029794323
M Ximénez	Ximénez, Francisco (1666--)	http://data.bnf.fr/ark:/12148/cb12134375x#foaf:Person	http://dbpedia.org/resource/Francisco_Ximénez	http://www.idref.fr/029794323
M Francisco Ximénez	Ximénez, Francisco (1666--)	http://data.bnf.fr/ark:/12148/cb12134375x#foaf:Person	http://dbpedia.org/resource/Francisco_Ximénez	http://www.idref.fr/029794323
M. Ximénez	Ximénez, Francisco (1666--)	http://data.bnf.fr/ark:/12148/cb12134375x#foaf:Person	http://dbpedia.org/resource/Francisco_Ximénez	http://www.idref.fr/029794323
M. Francisco Ximénez	Ximénez, Francisco (1666--)	http://data.bnf.fr/ark:/12148/cb12134375x#foaf:Person	http://dbpedia.org/resource/Francisco_Ximénez	http://www.idref.fr/029794323
Anne de Xaintonge	Xainctonge, Anne de (1567-1621)	http://data.bnf.fr/ark:/12148/cb13554857m#foaf:Person	http://www.idref.fr/050814192
Anne de Xainctonge	Xainctonge, Anne de (1567-1621)	http://data.bnf.fr/ark:/12148/cb13554857m#foaf:Person	http://www.idref.fr/050814192
Xainctonge	Xainctonge, Anne de (1567-1621)	http://data.bnf.fr/ark:/12148/cb13554857m#foaf:Person	http://www.idref.fr/050814192
de Xainctonge	Xainctonge, Anne de (1567-1621)	http://data.bnf.fr/ark:/12148/cb13554857m#foaf:Person	http://www.idref.fr/050814192
De Xainctonge	Xainctonge, Anne de (1567-1621)	http://data.bnf.fr/ark:/12148/cb13554857m#foaf:Person	http://www.idref.fr/050814192
A Xainctonge	Xainctonge, Anne de (1567-1621)	http://data.bnf.fr/ark:/12148/cb13554857m#foaf:Person	http://www.idref.fr/050814192
A. Xainctonge	Xainctonge, Anne de (1567-1621)	http://data.bnf.fr/ark:/12148/cb13554857m#foaf:Person	http://www.idref.fr/050814192
A de Xainctonge	Xainctonge, Anne de (1567-1621)	http://data.bnf.fr/ark:/12148/cb13554857m#foaf:Person	http://www.idref.fr/050814192
A De Xainctonge	Xainctonge, Anne de (1567-1621)	http://data.bnf.fr/ark:/12148/cb13554857m#foaf:Person	http://www.idref.fr/050814192
A. De Xainctonge	Xainctonge, Anne de (1567-1621)	http://data.bnf.fr/ark:/12148/cb13554857m#foaf:Person	http://www.idref.fr/050814192
A. de Xainctonge	Xainctonge, Anne de (1567-1621)	http://data.bnf.fr/ark:/12148/cb13554857m#foaf:Person	http://www.idref.fr/050814192
M de Xainctonge	Xainctonge, Anne de (1567-1621)	http://data.bnf.fr/ark:/12148/cb13554857m#foaf:Person	http://www.idref.fr/050814192
M Xainctonge	Xainctonge, Anne de (1567-1621)	http://data.bnf.fr/ark:/12148/cb13554857m#foaf:Person	http://www.idref.fr/050814192
M Xainctonge	Xainctonge, Anne de (1567-1621)	http://data.bnf.fr/ark:/12148/cb13554857m#foaf:Person	http://www.idref.fr/050814192
M Anne de Xainctonge	Xainctonge, Anne de (1567-1621)	http://data.bnf.fr/ark:/12148/cb13554857m#foaf:Person	http://www.idref.fr/050814192
M. Xainctonge	Xainctonge, Anne de (1567-1621)	http://data.bnf.fr/ark:/12148/cb13554857m#foaf:Person	http://www.idref.fr/050814192
M. Anne de Xainctonge	Xainctonge, Anne de (1567-1621)	http://data.bnf.fr/ark:/12148/cb13554857m#foaf:Person	http://www.idref.fr/050814192
Augustin Ximenez	Ximénez, Augustin Louis de (1728-1817)	http://data.bnf.fr/ark:/12148/cb12002639m#foaf:Person	http://www.idref.fr/072244348
Augustin Louis de Ximénez	Ximénez, Augustin Louis de (1728-1817)	http://data.bnf.fr/ark:/12148/cb12002639m#foaf:Person	http://www.idref.fr/072244348
Ximénez	Ximénez, Augustin Louis de (1728-1817)	http://data.bnf.fr/ark:/12148/cb12002639m#foaf:Person	http://www.idref.fr/072244348
de Ximénez	Ximénez, Augustin Louis de (1728-1817)	http://data.bnf.fr/ark:/12148/cb12002639m#foaf:Person	http://www.idref.fr/072244348
De Ximénez	Ximénez, Augustin Louis de (1728-1817)	http://data.bnf.fr/ark:/12148/cb12002639m#foaf:Person	http://www.idref.fr/072244348
A L Ximénez	Ximénez, Augustin Louis de (1728-1817)	http://data.bnf.fr/ark:/12148/cb12002639m#foaf:Person	http://www.idref.fr/072244348
A. L. Ximénez	Ximénez, Augustin Louis de (1728-1817)	http://data.bnf.fr/ark:/12148/cb12002639m#foaf:Person	http://www.idref.fr/072244348
A L de Ximénez	Ximénez, Augustin Louis de (1728-1817)	http://data.bnf.fr/ark:/12148/cb12002639m#foaf:Person	http://www.idref.fr/072244348
A L De Ximénez	Ximénez, Augustin Louis de (1728-1817)	http://data.bnf.fr/ark:/12148/cb12002639m#foaf:Person	http://www.idref.fr/072244348
A. L. De Ximénez	Ximénez, Augustin Louis de (1728-1817)	http://data.bnf.fr/ark:/12148/cb12002639m#foaf:Person	http://www.idref.fr/072244348
A. L. de Ximénez	Ximénez, Augustin Louis de (1728-1817)	http://data.bnf.fr/ark:/12148/cb12002639m#foaf:Person	http://www.idref.fr/072244348
M de Ximénez	Ximénez, Augustin Louis de (1728-1817)	http://data.bnf.fr/ark:/12148/cb12002639m#foaf:Person	http://www.idref.fr/072244348
M Ximénez	Ximénez, Augustin Louis de (1728-1817)	http://data.bnf.fr/ark:/12148/cb12002639m#foaf:Person	http://www.idref.fr/072244348
M Ximénez	Ximénez, Augustin Louis de (1728-1817)	http://data.bnf.fr/ark:/12148/cb12002639m#foaf:Person	http://www.idref.fr/072244348
M Augustin Louis de Ximénez	Ximénez, Augustin Louis de (1728-1817)	http://data.bnf.fr/ark:/12148/cb12002639m#foaf:Person	http://www.idref.fr/072244348
M. Ximénez	Ximénez, Augustin Louis de (1728-1817)	http://data.bnf.fr/ark:/12148/cb12002639m#foaf:Person	http://www.idref.fr/072244348
M. Augustin Louis de Ximénez	Ximénez, Augustin Louis de (1728-1817)	http://data.bnf.fr/ark:/12148/cb12002639m#foaf:Person	http://www.idref.fr/072244348
Mademoiselle d' Ol	Ximénez, Augustin Louis de (1728-1817)	http://data.bnf.fr/ark:/12148/cb12002639m#foaf:Person	http://www.idref.fr/072244348
Augustin de Chimène	Ximénez, Augustin Louis de (1728-1817)	http://data.bnf.fr/ark:/12148/cb12002639m#foaf:Person	http://www.idref.fr/072244348
Augustin-Louis de Ximénez-Texada	Ximénez, Augustin Louis de (1728-1817)	http://data.bnf.fr/ark:/12148/cb12002639m#foaf:Person	http://www.idref.fr/072244348
Augustin-Louis de Ximénés	Ximénez, Augustin Louis de (1728-1817)	http://data.bnf.fr/ark:/12148/cb12002639m#foaf:Person	http://www.idref.fr/072244348
M. de	Ximénez, Augustin Louis de (1728-1817)	http://data.bnf.fr/ark:/12148/cb12002639m#foaf:Person	http://www.idref.fr/072244348
M. le M. de C.	Ximénez, Augustin Louis de (1728-1817)	http://data.bnf.fr/ark:/12148/cb12002639m#foaf:Person	http://www.idref.fr/072244348
Augustin-Louis de Ximénez- Texada	Ximénez, Augustin Louis de (1728-1817)	http://data.bnf.fr/ark:/12148/cb12002639m#foaf:Person	http://www.idref.fr/072244348
Zhao Ming	Xiao, Tong	http://data.bnf.fr/ark:/12148/cb146499754#foaf:Person	http://www.idref.fr/076528987	http://dbpedia.org/resource/Xiao_Tong
Tong Xiao	Xiao, Tong	http://data.bnf.fr/ark:/12148/cb146499754#foaf:Person	http://www.idref.fr/076528987	http://dbpedia.org/resource/Xiao_Tong
Xiao	Xiao, Tong	http://data.bnf.fr/ark:/12148/cb146499754#foaf:Person	http://www.idref.fr/076528987	http://dbpedia.org/resource/Xiao_Tong
T Xiao	Xiao, Tong	http://data.bnf.fr/ark:/12148/cb146499754#foaf:Person	http://www.idref.fr/076528987	http://dbpedia.org/resource/Xiao_Tong
T. Xiao	Xiao, Tong	http://data.bnf.fr/ark:/12148/cb146499754#foaf:Person	http://www.idref.fr/076528987	http://dbpedia.org/resource/Xiao_Tong
M Xiao	Xiao, Tong	http://data.bnf.fr/ark:/12148/cb146499754#foaf:Person	http://www.idref.fr/076528987	http://dbpedia.org/resource/Xiao_Tong
M Tong Xiao	Xiao, Tong	http://data.bnf.fr/ark:/12148/cb146499754#foaf:Person	http://www.idref.fr/076528987	http://dbpedia.org/resource/Xiao_Tong
M. Xiao	Xiao, Tong	http://data.bnf.fr/ark:/12148/cb146499754#foaf:Person	http://www.idref.fr/076528987	http://dbpedia.org/resource/Xiao_Tong
M. Tong Xiao	Xiao, Tong	http://data.bnf.fr/ark:/12148/cb146499754#foaf:Person	http://www.idref.fr/076528987	http://dbpedia.org/resource/Xiao_Tong
统 萧	Xiao, Tong	http://data.bnf.fr/ark:/12148/cb146499754#foaf:Person	http://www.idref.fr/076528987	http://dbpedia.org/resource/Xiao_Tong
Zhaoming taizi	Xiao, Tong	http://data.bnf.fr/ark:/12148/cb146499754#foaf:Person	http://www.idref.fr/076528987	http://dbpedia.org/resource/Xiao_Tong
Xiao Tong	Xiao, Tong	http://data.bnf.fr/ark:/12148/cb146499754#foaf:Person	http://www.idref.fr/076528987	http://dbpedia.org/resource/Xiao_Tong
Zhao Ming tai zi	Xiao, Tong	http://data.bnf.fr/ark:/12148/cb146499754#foaf:Person	http://www.idref.fr/076528987	http://dbpedia.org/resource/Xiao_Tong
Bartomeu F. Maria Xiberta y Roberta	Xiberta, Bartomeu Maria (1897-1967)	http://data.bnf.fr/ark:/12148/cb12975914t#foaf:Person	http://www.idref.fr/100526608
Bartomeu Maria Xiberta	Xiberta, Bartomeu Maria (1897-1967)	http://data.bnf.fr/ark:/12148/cb12975914t#foaf:Person	http://www.idref.fr/100526608
Xiberta	Xiberta, Bartomeu Maria (1897-1967)	http://data.bnf.fr/ark:/12148/cb12975914t#foaf:Person	http://www.idref.fr/100526608
B M Xiberta	Xiberta, Bartomeu Maria (1897-1967)	http://data.bnf.fr/ark:/12148/cb12975914t#foaf:Person	http://www.idref.fr/100526608
B. M. Xiberta	Xiberta, Bartomeu Maria (1897-1967)	http://data.bnf.fr/ark:/12148/cb12975914t#foaf:Person	http://www.idref.fr/100526608
M Xiberta	Xiberta, Bartomeu Maria (1897-1967)	http://data.bnf.fr/ark:/12148/cb12975914t#foaf:Person	http://www.idref.fr/100526608
M Bartomeu Maria Xiberta	Xiberta, Bartomeu Maria (1897-1967)	http://data.bnf.fr/ark:/12148/cb12975914t#foaf:Person	http://www.idref.fr/100526608
M. Xiberta	Xiberta, Bartomeu Maria (1897-1967)	http://data.bnf.fr/ark:/12148/cb12975914t#foaf:Person	http://www.idref.fr/100526608
M. Bartomeu Maria Xiberta	Xiberta, Bartomeu Maria (1897-1967)	http://data.bnf.fr/ark:/12148/cb12975914t#foaf:Person	http://www.idref.fr/100526608
Bartolomeo M. Xiberta	Xiberta, Bartomeu Maria (1897-1967)	http://data.bnf.fr/ark:/12148/cb12975914t#foaf:Person	http://www.idref.fr/100526608
Baudilio Xiberta	Xiberta, Bartomeu Maria (1897-1967)	http://data.bnf.fr/ark:/12148/cb12975914t#foaf:Person	http://www.idref.fr/100526608
Bartholomeus Xiberta	Xiberta, Bartomeu Maria (1897-1967)	http://data.bnf.fr/ark:/12148/cb12975914t#foaf:Person	http://www.idref.fr/100526608
Bartomeu F. Maria Xiberta y Roqueta	Xiberta, Bartomeu Maria (1897-1967)	http://data.bnf.fr/ark:/12148/cb12975914t#foaf:Person	http://www.idref.fr/100526608
Bartolomé Fanti Xiberta	Xiberta, Bartomeu Maria (1897-1967)	http://data.bnf.fr/ark:/12148/cb12975914t#foaf:Person	http://www.idref.fr/100526608
Young-kia Hiuan-tsiue	Xuan jue, 	http://data.bnf.fr/ark:/12148/cb11907575t#foaf:Person	http://www.idref.fr/026922819
 Xuan jue	Xuan jue, 	http://data.bnf.fr/ark:/12148/cb11907575t#foaf:Person	http://www.idref.fr/026922819
Xuan jue	Xuan jue, 	http://data.bnf.fr/ark:/12148/cb11907575t#foaf:Person	http://www.idref.fr/026922819
 Xuan jue	Xuan jue, 	http://data.bnf.fr/ark:/12148/cb11907575t#foaf:Person	http://www.idref.fr/026922819
. Xuan jue	Xuan jue, 	http://data.bnf.fr/ark:/12148/cb11907575t#foaf:Person	http://www.idref.fr/026922819
M Xuan jue	Xuan jue, 	http://data.bnf.fr/ark:/12148/cb11907575t#foaf:Person	http://www.idref.fr/026922819
M  Xuan jue	Xuan jue, 	http://data.bnf.fr/ark:/12148/cb11907575t#foaf:Person	http://www.idref.fr/026922819
M. Xuan jue	Xuan jue, 	http://data.bnf.fr/ark:/12148/cb11907575t#foaf:Person	http://www.idref.fr/026922819
M.  Xuan jue	Xuan jue, 	http://data.bnf.fr/ark:/12148/cb11907575t#foaf:Person	http://www.idref.fr/026922819
玄覺	Xuan jue, 	http://data.bnf.fr/ark:/12148/cb11907575t#foaf:Person	http://www.idref.fr/026922819
Yongjia Xuanjue	Xuan jue, 	http://data.bnf.fr/ark:/12148/cb11907575t#foaf:Person	http://www.idref.fr/026922819
Hiuan-kio	Xuan jue, 	http://data.bnf.fr/ark:/12148/cb11907575t#foaf:Person	http://www.idref.fr/026922819
Siuan kiue	Xuan jue, 	http://data.bnf.fr/ark:/12148/cb11907575t#foaf:Person	http://www.idref.fr/026922819
Xuan jue chan shi	Xuan jue, 	http://data.bnf.fr/ark:/12148/cb11907575t#foaf:Person	http://www.idref.fr/026922819
Yong jia chan shi	Xuan jue, 	http://data.bnf.fr/ark:/12148/cb11907575t#foaf:Person	http://www.idref.fr/026922819
Xuan jue Shi	Xuan jue, 	http://data.bnf.fr/ark:/12148/cb11907575t#foaf:Person	http://www.idref.fr/026922819
Young-kia Hiuan-kio	Xuan jue, 	http://data.bnf.fr/ark:/12148/cb11907575t#foaf:Person	http://www.idref.fr/026922819
Yung-chia Hsuan-chio	Xuan jue, 	http://data.bnf.fr/ark:/12148/cb11907575t#foaf:Person	http://www.idref.fr/026922819
永嘉禪師	Xuan jue, 	http://data.bnf.fr/ark:/12148/cb11907575t#foaf:Person	http://www.idref.fr/026922819
Yong-kia Siuan kiue	Xuan jue, 	http://data.bnf.fr/ark:/12148/cb11907575t#foaf:Person	http://www.idref.fr/026922819
Yung-chia Hsüan-chüeh	Xuan jue, 	http://data.bnf.fr/ark:/12148/cb11907575t#foaf:Person	http://www.idref.fr/026922819
永嘉玄覺	Xuan jue, 	http://data.bnf.fr/ark:/12148/cb11907575t#foaf:Person	http://www.idref.fr/026922819
Yong jia Xuan jue	Xuan jue, 	http://data.bnf.fr/ark:/12148/cb11907575t#foaf:Person	http://www.idref.fr/026922819
Xuanjue	Xuan jue, 	http://data.bnf.fr/ark:/12148/cb11907575t#foaf:Person	http://www.idref.fr/026922819
玄覺禪師	Xuan jue, 	http://data.bnf.fr/ark:/12148/cb11907575t#foaf:Person	http://www.idref.fr/026922819
Tiao Xie	Xie, Tiao	http://data.bnf.fr/ark:/12148/cb14496002d#foaf:Person
Xie	Xie, Tiao	http://data.bnf.fr/ark:/12148/cb14496002d#foaf:Person
T Xie	Xie, Tiao	http://data.bnf.fr/ark:/12148/cb14496002d#foaf:Person
T. Xie	Xie, Tiao	http://data.bnf.fr/ark:/12148/cb14496002d#foaf:Person
M Xie	Xie, Tiao	http://data.bnf.fr/ark:/12148/cb14496002d#foaf:Person
M Tiao Xie	Xie, Tiao	http://data.bnf.fr/ark:/12148/cb14496002d#foaf:Person
M. Xie	Xie, Tiao	http://data.bnf.fr/ark:/12148/cb14496002d#foaf:Person
M. Tiao Xie	Xie, Tiao	http://data.bnf.fr/ark:/12148/cb14496002d#foaf:Person
Ching-ch'ü Hsia	Xia, jing qu (1705-1787)	http://data.bnf.fr/ark:/12148/cb145186351#foaf:Person
jing qu Xia	Xia, jing qu (1705-1787)	http://data.bnf.fr/ark:/12148/cb145186351#foaf:Person
Xia	Xia, jing qu (1705-1787)	http://data.bnf.fr/ark:/12148/cb145186351#foaf:Person
 Xia	Xia, jing qu (1705-1787)	http://data.bnf.fr/ark:/12148/cb145186351#foaf:Person
. Xia	Xia, jing qu (1705-1787)	http://data.bnf.fr/ark:/12148/cb145186351#foaf:Person
M Xia	Xia, jing qu (1705-1787)	http://data.bnf.fr/ark:/12148/cb145186351#foaf:Person
M jing qu Xia	Xia, jing qu (1705-1787)	http://data.bnf.fr/ark:/12148/cb145186351#foaf:Person
M. Xia	Xia, jing qu (1705-1787)	http://data.bnf.fr/ark:/12148/cb145186351#foaf:Person
M. jing qu Xia	Xia, jing qu (1705-1787)	http://data.bnf.fr/ark:/12148/cb145186351#foaf:Person
Erh-ming Hsia	Xia, jing qu (1705-1787)	http://data.bnf.fr/ark:/12148/cb145186351#foaf:Person
Erming Xia	Xia, jing qu (1705-1787)	http://data.bnf.fr/ark:/12148/cb145186351#foaf:Person
Jingqu Xia	Xia, jing qu (1705-1787)	http://data.bnf.fr/ark:/12148/cb145186351#foaf:Person
Maoxiu Xia	Xia, jing qu (1705-1787)	http://data.bnf.fr/ark:/12148/cb145186351#foaf:Person
敬渠 夏	Xia, jing qu (1705-1787)	http://data.bnf.fr/ark:/12148/cb145186351#foaf:Person
Mao-hsiu Hsia	Xia, jing qu (1705-1787)	http://data.bnf.fr/ark:/12148/cb145186351#foaf:Person
Chuan-ho	Xugu, (1823-1896)	http://data.bnf.fr/ark:/12148/cb131725691#foaf:Person
 Xugu	Xugu, (1823-1896)	http://data.bnf.fr/ark:/12148/cb131725691#foaf:Person
Xugu	Xugu, (1823-1896)	http://data.bnf.fr/ark:/12148/cb131725691#foaf:Person
 Xugu	Xugu, (1823-1896)	http://data.bnf.fr/ark:/12148/cb131725691#foaf:Person
. Xugu	Xugu, (1823-1896)	http://data.bnf.fr/ark:/12148/cb131725691#foaf:Person
M Xugu	Xugu, (1823-1896)	http://data.bnf.fr/ark:/12148/cb131725691#foaf:Person
M  Xugu	Xugu, (1823-1896)	http://data.bnf.fr/ark:/12148/cb131725691#foaf:Person
M. Xugu	Xugu, (1823-1896)	http://data.bnf.fr/ark:/12148/cb131725691#foaf:Person
M.  Xugu	Xugu, (1823-1896)	http://data.bnf.fr/ark:/12148/cb131725691#foaf:Person
Hsi-Ku	Xugu, (1823-1896)	http://data.bnf.fr/ark:/12148/cb131725691#foaf:Person
Tzu-yang-shan-min	Xugu, (1823-1896)	http://data.bnf.fr/ark:/12148/cb131725691#foaf:Person
Hsu-pai Chu	Xugu, (1823-1896)	http://data.bnf.fr/ark:/12148/cb131725691#foaf:Person
Huai-jen Chu	Xugu, (1823-1896)	http://data.bnf.fr/ark:/12148/cb131725691#foaf:Person
Hsu-ku	Xugu, (1823-1896)	http://data.bnf.fr/ark:/12148/cb131725691#foaf:Person
Monk Hsi Ku	Xugu, (1823-1896)	http://data.bnf.fr/ark:/12148/cb131725691#foaf:Person
Eduardo Ximenes	Ximenes, Eduardo (1852-1932)	http://data.bnf.fr/ark:/12148/cb104244339#foaf:Person	http://www.idref.fr/168561034
Ximenes	Ximenes, Eduardo (1852-1932)	http://data.bnf.fr/ark:/12148/cb104244339#foaf:Person	http://www.idref.fr/168561034
E Ximenes	Ximenes, Eduardo (1852-1932)	http://data.bnf.fr/ark:/12148/cb104244339#foaf:Person	http://www.idref.fr/168561034
E. Ximenes	Ximenes, Eduardo (1852-1932)	http://data.bnf.fr/ark:/12148/cb104244339#foaf:Person	http://www.idref.fr/168561034
M Ximenes	Ximenes, Eduardo (1852-1932)	http://data.bnf.fr/ark:/12148/cb104244339#foaf:Person	http://www.idref.fr/168561034
M Eduardo Ximenes	Ximenes, Eduardo (1852-1932)	http://data.bnf.fr/ark:/12148/cb104244339#foaf:Person	http://www.idref.fr/168561034
M. Ximenes	Ximenes, Eduardo (1852-1932)	http://data.bnf.fr/ark:/12148/cb104244339#foaf:Person	http://www.idref.fr/168561034
M. Eduardo Ximenes	Ximenes, Eduardo (1852-1932)	http://data.bnf.fr/ark:/12148/cb104244339#foaf:Person	http://www.idref.fr/168561034
Xenofonte	Xénophon, 	http://data.bnf.fr/ark:/12148/cb11929460d#foaf:Person	http://dbpedia.org/resource/Xénophon	http://www.idref.fr/027308367
 Xénophon	Xénophon, 	http://data.bnf.fr/ark:/12148/cb11929460d#foaf:Person	http://dbpedia.org/resource/Xénophon	http://www.idref.fr/027308367
Xénophon	Xénophon, 	http://data.bnf.fr/ark:/12148/cb11929460d#foaf:Person	http://dbpedia.org/resource/Xénophon	http://www.idref.fr/027308367
 Xénophon	Xénophon, 	http://data.bnf.fr/ark:/12148/cb11929460d#foaf:Person	http://dbpedia.org/resource/Xénophon	http://www.idref.fr/027308367
. Xénophon	Xénophon, 	http://data.bnf.fr/ark:/12148/cb11929460d#foaf:Person	http://dbpedia.org/resource/Xénophon	http://www.idref.fr/027308367
M Xénophon	Xénophon, 	http://data.bnf.fr/ark:/12148/cb11929460d#foaf:Person	http://dbpedia.org/resource/Xénophon	http://www.idref.fr/027308367
M  Xénophon	Xénophon, 	http://data.bnf.fr/ark:/12148/cb11929460d#foaf:Person	http://dbpedia.org/resource/Xénophon	http://www.idref.fr/027308367
M. Xénophon	Xénophon, 	http://data.bnf.fr/ark:/12148/cb11929460d#foaf:Person	http://dbpedia.org/resource/Xénophon	http://www.idref.fr/027308367
M.  Xénophon	Xénophon, 	http://data.bnf.fr/ark:/12148/cb11929460d#foaf:Person	http://dbpedia.org/resource/Xénophon	http://www.idref.fr/027308367
Ξενοφῶν	Xénophon, 	http://data.bnf.fr/ark:/12148/cb11929460d#foaf:Person	http://dbpedia.org/resource/Xénophon	http://www.idref.fr/027308367
Xenophō̂n	Xénophon, 	http://data.bnf.fr/ark:/12148/cb11929460d#foaf:Person	http://dbpedia.org/resource/Xénophon	http://www.idref.fr/027308367
Senofonte	Xénophon, 	http://data.bnf.fr/ark:/12148/cb11929460d#foaf:Person	http://dbpedia.org/resource/Xénophon	http://www.idref.fr/027308367
Xenofō̂n	Xénophon, 	http://data.bnf.fr/ark:/12148/cb11929460d#foaf:Person	http://dbpedia.org/resource/Xénophon	http://www.idref.fr/027308367
E.-F. Xau	Xau, Edmond Fernand (1879-1968)	http://data.bnf.fr/ark:/12148/cb10518588s#foaf:Person
Edmond Fernand Xau	Xau, Edmond Fernand (1879-1968)	http://data.bnf.fr/ark:/12148/cb10518588s#foaf:Person
Xau	Xau, Edmond Fernand (1879-1968)	http://data.bnf.fr/ark:/12148/cb10518588s#foaf:Person
E F Xau	Xau, Edmond Fernand (1879-1968)	http://data.bnf.fr/ark:/12148/cb10518588s#foaf:Person
E. F. Xau	Xau, Edmond Fernand (1879-1968)	http://data.bnf.fr/ark:/12148/cb10518588s#foaf:Person
M Xau	Xau, Edmond Fernand (1879-1968)	http://data.bnf.fr/ark:/12148/cb10518588s#foaf:Person
M Edmond Fernand Xau	Xau, Edmond Fernand (1879-1968)	http://data.bnf.fr/ark:/12148/cb10518588s#foaf:Person
M. Xau	Xau, Edmond Fernand (1879-1968)	http://data.bnf.fr/ark:/12148/cb10518588s#foaf:Person
M. Edmond Fernand Xau	Xau, Edmond Fernand (1879-1968)	http://data.bnf.fr/ark:/12148/cb10518588s#foaf:Person
Fernand Xau	Xau, Edmond Fernand (1879-1968)	http://data.bnf.fr/ark:/12148/cb10518588s#foaf:Person
Xantippe	Xanthippe, 	http://data.bnf.fr/ark:/12148/cb12309365j#foaf:Person
 Xanthippe	Xanthippe, 	http://data.bnf.fr/ark:/12148/cb12309365j#foaf:Person
Xanthippe	Xanthippe, 	http://data.bnf.fr/ark:/12148/cb12309365j#foaf:Person
 Xanthippe	Xanthippe, 	http://data.bnf.fr/ark:/12148/cb12309365j#foaf:Person
. Xanthippe	Xanthippe, 	http://data.bnf.fr/ark:/12148/cb12309365j#foaf:Person
M Xanthippe	Xanthippe, 	http://data.bnf.fr/ark:/12148/cb12309365j#foaf:Person
M  Xanthippe	Xanthippe, 	http://data.bnf.fr/ark:/12148/cb12309365j#foaf:Person
M. Xanthippe	Xanthippe, 	http://data.bnf.fr/ark:/12148/cb12309365j#foaf:Person
M.  Xanthippe	Xanthippe, 	http://data.bnf.fr/ark:/12148/cb12309365j#foaf:Person
Joseph Jiménez	Ximénez, Jusepe (1601-1672)	http://data.bnf.fr/ark:/12148/cb139467021#foaf:Person
Jusepe Ximénez	Ximénez, Jusepe (1601-1672)	http://data.bnf.fr/ark:/12148/cb139467021#foaf:Person
Ximénez	Ximénez, Jusepe (1601-1672)	http://data.bnf.fr/ark:/12148/cb139467021#foaf:Person
J Ximénez	Ximénez, Jusepe (1601-1672)	http://data.bnf.fr/ark:/12148/cb139467021#foaf:Person
J. Ximénez	Ximénez, Jusepe (1601-1672)	http://data.bnf.fr/ark:/12148/cb139467021#foaf:Person
M Ximénez	Ximénez, Jusepe (1601-1672)	http://data.bnf.fr/ark:/12148/cb139467021#foaf:Person
M Jusepe Ximénez	Ximénez, Jusepe (1601-1672)	http://data.bnf.fr/ark:/12148/cb139467021#foaf:Person
M. Ximénez	Ximénez, Jusepe (1601-1672)	http://data.bnf.fr/ark:/12148/cb139467021#foaf:Person
M. Jusepe Ximénez	Ximénez, Jusepe (1601-1672)	http://data.bnf.fr/ark:/12148/cb139467021#foaf:Person
José Jiménez	Ximénez, Jusepe (1601-1672)	http://data.bnf.fr/ark:/12148/cb139467021#foaf:Person
José Ximénez	Ximénez, Jusepe (1601-1672)	http://data.bnf.fr/ark:/12148/cb139467021#foaf:Person
Grégoire Xénopoulos	Xenópoulos, Grīgórios (1867-1951)	http://data.bnf.fr/ark:/12148/cb13538969f#foaf:Person	http://www.idref.fr/050694251
Grīgórios Xenópoulos	Xenópoulos, Grīgórios (1867-1951)	http://data.bnf.fr/ark:/12148/cb13538969f#foaf:Person	http://www.idref.fr/050694251
Xenópoulos	Xenópoulos, Grīgórios (1867-1951)	http://data.bnf.fr/ark:/12148/cb13538969f#foaf:Person	http://www.idref.fr/050694251
G Xenópoulos	Xenópoulos, Grīgórios (1867-1951)	http://data.bnf.fr/ark:/12148/cb13538969f#foaf:Person	http://www.idref.fr/050694251
G. Xenópoulos	Xenópoulos, Grīgórios (1867-1951)	http://data.bnf.fr/ark:/12148/cb13538969f#foaf:Person	http://www.idref.fr/050694251
M Xenópoulos	Xenópoulos, Grīgórios (1867-1951)	http://data.bnf.fr/ark:/12148/cb13538969f#foaf:Person	http://www.idref.fr/050694251
M Grīgórios Xenópoulos	Xenópoulos, Grīgórios (1867-1951)	http://data.bnf.fr/ark:/12148/cb13538969f#foaf:Person	http://www.idref.fr/050694251
M. Xenópoulos	Xenópoulos, Grīgórios (1867-1951)	http://data.bnf.fr/ark:/12148/cb13538969f#foaf:Person	http://www.idref.fr/050694251
M. Grīgórios Xenópoulos	Xenópoulos, Grīgórios (1867-1951)	http://data.bnf.fr/ark:/12148/cb13538969f#foaf:Person	http://www.idref.fr/050694251
Mianzhan Xia	Xia, Gai Zun (1886-1946)	http://data.bnf.fr/ark:/12148/cb16092540z#foaf:Person	http://www.idref.fr/071006141
Gai Zun Xia	Xia, Gai Zun (1886-1946)	http://data.bnf.fr/ark:/12148/cb16092540z#foaf:Person	http://www.idref.fr/071006141
Xia	Xia, Gai Zun (1886-1946)	http://data.bnf.fr/ark:/12148/cb16092540z#foaf:Person	http://www.idref.fr/071006141
G Z Xia	Xia, Gai Zun (1886-1946)	http://data.bnf.fr/ark:/12148/cb16092540z#foaf:Person	http://www.idref.fr/071006141
G. Z. Xia	Xia, Gai Zun (1886-1946)	http://data.bnf.fr/ark:/12148/cb16092540z#foaf:Person	http://www.idref.fr/071006141
M Xia	Xia, Gai Zun (1886-1946)	http://data.bnf.fr/ark:/12148/cb16092540z#foaf:Person	http://www.idref.fr/071006141
M Gai Zun Xia	Xia, Gai Zun (1886-1946)	http://data.bnf.fr/ark:/12148/cb16092540z#foaf:Person	http://www.idref.fr/071006141
M. Xia	Xia, Gai Zun (1886-1946)	http://data.bnf.fr/ark:/12148/cb16092540z#foaf:Person	http://www.idref.fr/071006141
M. Gai Zun Xia	Xia, Gai Zun (1886-1946)	http://data.bnf.fr/ark:/12148/cb16092540z#foaf:Person	http://www.idref.fr/071006141
Kai-tsun Hsia	Xia, Gai Zun (1886-1946)	http://data.bnf.fr/ark:/12148/cb16092540z#foaf:Person	http://www.idref.fr/071006141
Zhu Xia	Xia, Gai Zun (1886-1946)	http://data.bnf.fr/ark:/12148/cb16092540z#foaf:Person	http://www.idref.fr/071006141
Chu Hsia	Xia, Gai Zun (1886-1946)	http://data.bnf.fr/ark:/12148/cb16092540z#foaf:Person	http://www.idref.fr/071006141
Mien-tsun Hsia	Xia, Gai Zun (1886-1946)	http://data.bnf.fr/ark:/12148/cb16092540z#foaf:Person	http://www.idref.fr/071006141
Men’an Xia	Xia, Gai Zun (1886-1946)	http://data.bnf.fr/ark:/12148/cb16092540z#foaf:Person	http://www.idref.fr/071006141
Mianzun Xia	Xia, Gai Zun (1886-1946)	http://data.bnf.fr/ark:/12148/cb16092540z#foaf:Person	http://www.idref.fr/071006141
Chao-ko Hsia	Xia, Gai Zun (1886-1946)	http://data.bnf.fr/ark:/12148/cb16092540z#foaf:Person	http://www.idref.fr/071006141
丐尊 夏	Xia, Gai Zun (1886-1946)	http://data.bnf.fr/ark:/12148/cb16092540z#foaf:Person	http://www.idref.fr/071006141
Gaizun Xia	Xia, Gai Zun (1886-1946)	http://data.bnf.fr/ark:/12148/cb16092540z#foaf:Person	http://www.idref.fr/071006141
Mien-chan Hsia	Xia, Gai Zun (1886-1946)	http://data.bnf.fr/ark:/12148/cb16092540z#foaf:Person	http://www.idref.fr/071006141
Men-an Hsia	Xia, Gai Zun (1886-1946)	http://data.bnf.fr/ark:/12148/cb16092540z#foaf:Person	http://www.idref.fr/071006141
Zhaoge Xia	Xia, Gai Zun (1886-1946)	http://data.bnf.fr/ark:/12148/cb16092540z#foaf:Person	http://www.idref.fr/071006141
 X	X, (1825-1863)	http://data.bnf.fr/ark:/12148/cb104706975#foaf:Person
X	X, (1825-1863)	http://data.bnf.fr/ark:/12148/cb104706975#foaf:Person
 X	X, (1825-1863)	http://data.bnf.fr/ark:/12148/cb104706975#foaf:Person
. X	X, (1825-1863)	http://data.bnf.fr/ark:/12148/cb104706975#foaf:Person
M X	X, (1825-1863)	http://data.bnf.fr/ark:/12148/cb104706975#foaf:Person
M  X	X, (1825-1863)	http://data.bnf.fr/ark:/12148/cb104706975#foaf:Person
M. X	X, (1825-1863)	http://data.bnf.fr/ark:/12148/cb104706975#foaf:Person
M.  X	X, (1825-1863)	http://data.bnf.fr/ark:/12148/cb104706975#foaf:Person
Leonardus Ximenius	Ximenes, Leonardo (1716-1786)	http://data.bnf.fr/ark:/12148/cb106577403#foaf:Person	http://dbpedia.org/resource/Leonardo_Ximenes	http://www.idref.fr/086032879
Leonardo Ximenes	Ximenes, Leonardo (1716-1786)	http://data.bnf.fr/ark:/12148/cb106577403#foaf:Person	http://dbpedia.org/resource/Leonardo_Ximenes	http://www.idref.fr/086032879
Ximenes	Ximenes, Leonardo (1716-1786)	http://data.bnf.fr/ark:/12148/cb106577403#foaf:Person	http://dbpedia.org/resource/Leonardo_Ximenes	http://www.idref.fr/086032879
L Ximenes	Ximenes, Leonardo (1716-1786)	http://data.bnf.fr/ark:/12148/cb106577403#foaf:Person	http://dbpedia.org/resource/Leonardo_Ximenes	http://www.idref.fr/086032879
L. Ximenes	Ximenes, Leonardo (1716-1786)	http://data.bnf.fr/ark:/12148/cb106577403#foaf:Person	http://dbpedia.org/resource/Leonardo_Ximenes	http://www.idref.fr/086032879
M Ximenes	Ximenes, Leonardo (1716-1786)	http://data.bnf.fr/ark:/12148/cb106577403#foaf:Person	http://dbpedia.org/resource/Leonardo_Ximenes	http://www.idref.fr/086032879
M Leonardo Ximenes	Ximenes, Leonardo (1716-1786)	http://data.bnf.fr/ark:/12148/cb106577403#foaf:Person	http://dbpedia.org/resource/Leonardo_Ximenes	http://www.idref.fr/086032879
M. Ximenes	Ximenes, Leonardo (1716-1786)	http://data.bnf.fr/ark:/12148/cb106577403#foaf:Person	http://dbpedia.org/resource/Leonardo_Ximenes	http://www.idref.fr/086032879
M. Leonardo Ximenes	Ximenes, Leonardo (1716-1786)	http://data.bnf.fr/ark:/12148/cb106577403#foaf:Person	http://dbpedia.org/resource/Leonardo_Ximenes	http://www.idref.fr/086032879
Qing wen zong	Xian feng, (1831-1861)	http://data.bnf.fr/ark:/12148/cb155887545#foaf:Person
 Xian feng	Xian feng, (1831-1861)	http://data.bnf.fr/ark:/12148/cb155887545#foaf:Person
Xian feng	Xian feng, (1831-1861)	http://data.bnf.fr/ark:/12148/cb155887545#foaf:Person
 Xian feng	Xian feng, (1831-1861)	http://data.bnf.fr/ark:/12148/cb155887545#foaf:Person
. Xian feng	Xian feng, (1831-1861)	http://data.bnf.fr/ark:/12148/cb155887545#foaf:Person
M Xian feng	Xian feng, (1831-1861)	http://data.bnf.fr/ark:/12148/cb155887545#foaf:Person
M  Xian feng	Xian feng, (1831-1861)	http://data.bnf.fr/ark:/12148/cb155887545#foaf:Person
M. Xian feng	Xian feng, (1831-1861)	http://data.bnf.fr/ark:/12148/cb155887545#foaf:Person
M.  Xian feng	Xian feng, (1831-1861)	http://data.bnf.fr/ark:/12148/cb155887545#foaf:Person
Qing Wenzong	Xian feng, (1831-1861)	http://data.bnf.fr/ark:/12148/cb155887545#foaf:Person
咸丰	Xian feng, (1831-1861)	http://data.bnf.fr/ark:/12148/cb155887545#foaf:Person
Hsien-feng	Xian feng, (1831-1861)	http://data.bnf.fr/ark:/12148/cb155887545#foaf:Person
Xianfeng Huangdi	Xian feng, (1831-1861)	http://data.bnf.fr/ark:/12148/cb155887545#foaf:Person
Xian feng huang di	Xian feng, (1831-1861)	http://data.bnf.fr/ark:/12148/cb155887545#foaf:Person
Yizhu	Xian feng, (1831-1861)	http://data.bnf.fr/ark:/12148/cb155887545#foaf:Person
Yizhu Aixinjueluo	Xian feng, (1831-1861)	http://data.bnf.fr/ark:/12148/cb155887545#foaf:Person
Yi zhu Ai xin jue luo	Xian feng, (1831-1861)	http://data.bnf.fr/ark:/12148/cb155887545#foaf:Person
Chʻing Wen-tsung	Xian feng, (1831-1861)	http://data.bnf.fr/ark:/12148/cb155887545#foaf:Person
Yi zhu	Xian feng, (1831-1861)	http://data.bnf.fr/ark:/12148/cb155887545#foaf:Person
I-chu	Xian feng, (1831-1861)	http://data.bnf.fr/ark:/12148/cb155887545#foaf:Person
Che-t′eou	Xi qian, 	http://data.bnf.fr/ark:/12148/cb11896479c#foaf:Person	http://www.idref.fr/026784181
 Xi qian	Xi qian, 	http://data.bnf.fr/ark:/12148/cb11896479c#foaf:Person	http://www.idref.fr/026784181
Xi qian	Xi qian, 	http://data.bnf.fr/ark:/12148/cb11896479c#foaf:Person	http://www.idref.fr/026784181
 Xi qian	Xi qian, 	http://data.bnf.fr/ark:/12148/cb11896479c#foaf:Person	http://www.idref.fr/026784181
. Xi qian	Xi qian, 	http://data.bnf.fr/ark:/12148/cb11896479c#foaf:Person	http://www.idref.fr/026784181
M Xi qian	Xi qian, 	http://data.bnf.fr/ark:/12148/cb11896479c#foaf:Person	http://www.idref.fr/026784181
M  Xi qian	Xi qian, 	http://data.bnf.fr/ark:/12148/cb11896479c#foaf:Person	http://www.idref.fr/026784181
M. Xi qian	Xi qian, 	http://data.bnf.fr/ark:/12148/cb11896479c#foaf:Person	http://www.idref.fr/026784181
M.  Xi qian	Xi qian, 	http://data.bnf.fr/ark:/12148/cb11896479c#foaf:Person	http://www.idref.fr/026784181
Hsi-ch′ien	Xi qian, 	http://data.bnf.fr/ark:/12148/cb11896479c#foaf:Person	http://www.idref.fr/026784181
Xi qian Chen	Xi qian, 	http://data.bnf.fr/ark:/12148/cb11896479c#foaf:Person	http://www.idref.fr/026784181
Shi tou he shang	Xi qian, 	http://data.bnf.fr/ark:/12148/cb11896479c#foaf:Person	http://www.idref.fr/026784181
希遷	Xi qian, 	http://data.bnf.fr/ark:/12148/cb11896479c#foaf:Person	http://www.idref.fr/026784181
Shih-t′ou	Xi qian, 	http://data.bnf.fr/ark:/12148/cb11896479c#foaf:Person	http://www.idref.fr/026784181
Shitou Xiqian	Xi qian, 	http://data.bnf.fr/ark:/12148/cb11896479c#foaf:Person	http://www.idref.fr/026784181
Shitou heshang	Xi qian, 	http://data.bnf.fr/ark:/12148/cb11896479c#foaf:Person	http://www.idref.fr/026784181
Si-k′ien	Xi qian, 	http://data.bnf.fr/ark:/12148/cb11896479c#foaf:Person	http://www.idref.fr/026784181
石頭和尚	Xi qian, 	http://data.bnf.fr/ark:/12148/cb11896479c#foaf:Person	http://www.idref.fr/026784181
Shih-t'ou Hsi-ch'ien	Xi qian, 	http://data.bnf.fr/ark:/12148/cb11896479c#foaf:Person	http://www.idref.fr/026784181
Xiqian	Xi qian, 	http://data.bnf.fr/ark:/12148/cb11896479c#foaf:Person	http://www.idref.fr/026784181
Shi tou Xi qian	Xi qian, 	http://data.bnf.fr/ark:/12148/cb11896479c#foaf:Person	http://www.idref.fr/026784181
石頭希遷	Xi qian, 	http://data.bnf.fr/ark:/12148/cb11896479c#foaf:Person	http://www.idref.fr/026784181
Shangcaixiansheng	Xie, Liangzuo (1050-1120)	http://data.bnf.fr/ark:/12148/cb15122353b#foaf:Person
Liangzuo Xie	Xie, Liangzuo (1050-1120)	http://data.bnf.fr/ark:/12148/cb15122353b#foaf:Person
Xie	Xie, Liangzuo (1050-1120)	http://data.bnf.fr/ark:/12148/cb15122353b#foaf:Person
L Xie	Xie, Liangzuo (1050-1120)	http://data.bnf.fr/ark:/12148/cb15122353b#foaf:Person
L. Xie	Xie, Liangzuo (1050-1120)	http://data.bnf.fr/ark:/12148/cb15122353b#foaf:Person
M Xie	Xie, Liangzuo (1050-1120)	http://data.bnf.fr/ark:/12148/cb15122353b#foaf:Person
M Liangzuo Xie	Xie, Liangzuo (1050-1120)	http://data.bnf.fr/ark:/12148/cb15122353b#foaf:Person
M. Xie	Xie, Liangzuo (1050-1120)	http://data.bnf.fr/ark:/12148/cb15122353b#foaf:Person
M. Liangzuo Xie	Xie, Liangzuo (1050-1120)	http://data.bnf.fr/ark:/12148/cb15122353b#foaf:Person
Wensu Xie	Xie, Liangzuo (1050-1120)	http://data.bnf.fr/ark:/12148/cb15122353b#foaf:Person
Hsien-tao Hsieh	Xie, Liangzuo (1050-1120)	http://data.bnf.fr/ark:/12148/cb15122353b#foaf:Person
Hsieh Shang-ts'ai	Xie, Liangzuo (1050-1120)	http://data.bnf.fr/ark:/12148/cb15122353b#foaf:Person
Xie Shangcai	Xie, Liangzuo (1050-1120)	http://data.bnf.fr/ark:/12148/cb15122353b#foaf:Person
Shang-tsʻai-hsien-sheng	Xie, Liangzuo (1050-1120)	http://data.bnf.fr/ark:/12148/cb15122353b#foaf:Person
Wen-su Hsieh	Xie, Liangzuo (1050-1120)	http://data.bnf.fr/ark:/12148/cb15122353b#foaf:Person
Liang-tso Hsieh	Xie, Liangzuo (1050-1120)	http://data.bnf.fr/ark:/12148/cb15122353b#foaf:Person
Xiandao Xie	Xie, Liangzuo (1050-1120)	http://data.bnf.fr/ark:/12148/cb15122353b#foaf:Person
Shang-ts'ai Hsieh	Xie, Liangzuo (1050-1120)	http://data.bnf.fr/ark:/12148/cb15122353b#foaf:Person
Joaquin Xaudaró y Echau	Xaudaró, Joaquin (1872-1933)	http://data.bnf.fr/ark:/12148/cb12646887v#foaf:Person
Joaquin Xaudaró	Xaudaró, Joaquin (1872-1933)	http://data.bnf.fr/ark:/12148/cb12646887v#foaf:Person
Xaudaró	Xaudaró, Joaquin (1872-1933)	http://data.bnf.fr/ark:/12148/cb12646887v#foaf:Person
J Xaudaró	Xaudaró, Joaquin (1872-1933)	http://data.bnf.fr/ark:/12148/cb12646887v#foaf:Person
J. Xaudaró	Xaudaró, Joaquin (1872-1933)	http://data.bnf.fr/ark:/12148/cb12646887v#foaf:Person
M Xaudaró	Xaudaró, Joaquin (1872-1933)	http://data.bnf.fr/ark:/12148/cb12646887v#foaf:Person
M Joaquin Xaudaró	Xaudaró, Joaquin (1872-1933)	http://data.bnf.fr/ark:/12148/cb12646887v#foaf:Person
M. Xaudaró	Xaudaró, Joaquin (1872-1933)	http://data.bnf.fr/ark:/12148/cb12646887v#foaf:Person
M. Joaquin Xaudaró	Xaudaró, Joaquin (1872-1933)	http://data.bnf.fr/ark:/12148/cb12646887v#foaf:Person
悲鸿 徐	Xu, Bei Hong (1895-1953)	http://data.bnf.fr/ark:/12148/cb14943484s#foaf:Person	http://www.idref.fr/130456764	http://dbpedia.org/resource/Xu_Beihong
Bei Hong Xu	Xu, Bei Hong (1895-1953)	http://data.bnf.fr/ark:/12148/cb14943484s#foaf:Person	http://www.idref.fr/130456764	http://dbpedia.org/resource/Xu_Beihong
Xu	Xu, Bei Hong (1895-1953)	http://data.bnf.fr/ark:/12148/cb14943484s#foaf:Person	http://www.idref.fr/130456764	http://dbpedia.org/resource/Xu_Beihong
B H Xu	Xu, Bei Hong (1895-1953)	http://data.bnf.fr/ark:/12148/cb14943484s#foaf:Person	http://www.idref.fr/130456764	http://dbpedia.org/resource/Xu_Beihong
B. H. Xu	Xu, Bei Hong (1895-1953)	http://data.bnf.fr/ark:/12148/cb14943484s#foaf:Person	http://www.idref.fr/130456764	http://dbpedia.org/resource/Xu_Beihong
M Xu	Xu, Bei Hong (1895-1953)	http://data.bnf.fr/ark:/12148/cb14943484s#foaf:Person	http://www.idref.fr/130456764	http://dbpedia.org/resource/Xu_Beihong
M Bei Hong Xu	Xu, Bei Hong (1895-1953)	http://data.bnf.fr/ark:/12148/cb14943484s#foaf:Person	http://www.idref.fr/130456764	http://dbpedia.org/resource/Xu_Beihong
M. Xu	Xu, Bei Hong (1895-1953)	http://data.bnf.fr/ark:/12148/cb14943484s#foaf:Person	http://www.idref.fr/130456764	http://dbpedia.org/resource/Xu_Beihong
M. Bei Hong Xu	Xu, Bei Hong (1895-1953)	http://data.bnf.fr/ark:/12148/cb14943484s#foaf:Person	http://www.idref.fr/130456764	http://dbpedia.org/resource/Xu_Beihong
Beihong Xu	Xu, Bei Hong (1895-1953)	http://data.bnf.fr/ark:/12148/cb14943484s#foaf:Person	http://www.idref.fr/130456764	http://dbpedia.org/resource/Xu_Beihong
Xul Solar	Xul Solar, Alejandro (1887-1963)	http://data.bnf.fr/ark:/12148/cb122500077#foaf:Person
Alejandro Xul Solar	Xul Solar, Alejandro (1887-1963)	http://data.bnf.fr/ark:/12148/cb122500077#foaf:Person
Xul Solar	Xul Solar, Alejandro (1887-1963)	http://data.bnf.fr/ark:/12148/cb122500077#foaf:Person
A Xul Solar	Xul Solar, Alejandro (1887-1963)	http://data.bnf.fr/ark:/12148/cb122500077#foaf:Person
A. Xul Solar	Xul Solar, Alejandro (1887-1963)	http://data.bnf.fr/ark:/12148/cb122500077#foaf:Person
M Xul Solar	Xul Solar, Alejandro (1887-1963)	http://data.bnf.fr/ark:/12148/cb122500077#foaf:Person
M Alejandro Xul Solar	Xul Solar, Alejandro (1887-1963)	http://data.bnf.fr/ark:/12148/cb122500077#foaf:Person
M. Xul Solar	Xul Solar, Alejandro (1887-1963)	http://data.bnf.fr/ark:/12148/cb122500077#foaf:Person
M. Alejandro Xul Solar	Xul Solar, Alejandro (1887-1963)	http://data.bnf.fr/ark:/12148/cb122500077#foaf:Person
Oscar Alejandro Agustin Schulz Solari	Xul Solar, Alejandro (1887-1963)	http://data.bnf.fr/ark:/12148/cb122500077#foaf:Person
Hiuan-kio	Xuanjue, 	http://data.bnf.fr/ark:/12148/cb13567873s#foaf:Person
 Xuanjue	Xuanjue, 	http://data.bnf.fr/ark:/12148/cb13567873s#foaf:Person
Xuanjue	Xuanjue, 	http://data.bnf.fr/ark:/12148/cb13567873s#foaf:Person
 Xuanjue	Xuanjue, 	http://data.bnf.fr/ark:/12148/cb13567873s#foaf:Person
. Xuanjue	Xuanjue, 	http://data.bnf.fr/ark:/12148/cb13567873s#foaf:Person
M Xuanjue	Xuanjue, 	http://data.bnf.fr/ark:/12148/cb13567873s#foaf:Person
M  Xuanjue	Xuanjue, 	http://data.bnf.fr/ark:/12148/cb13567873s#foaf:Person
M. Xuanjue	Xuanjue, 	http://data.bnf.fr/ark:/12148/cb13567873s#foaf:Person
M.  Xuanjue	Xuanjue, 	http://data.bnf.fr/ark:/12148/cb13567873s#foaf:Person
Hsüan-chüeh	Xuanjue, 	http://data.bnf.fr/ark:/12148/cb13567873s#foaf:Person
Fra Xanto	Xanto Avelli, Francesco (1500-1545)	http://data.bnf.fr/ark:/12148/cb15006512p#foaf:Person
Francesco Xanto Avelli	Xanto Avelli, Francesco (1500-1545)	http://data.bnf.fr/ark:/12148/cb15006512p#foaf:Person
Xanto Avelli	Xanto Avelli, Francesco (1500-1545)	http://data.bnf.fr/ark:/12148/cb15006512p#foaf:Person
F Xanto Avelli	Xanto Avelli, Francesco (1500-1545)	http://data.bnf.fr/ark:/12148/cb15006512p#foaf:Person
F. Xanto Avelli	Xanto Avelli, Francesco (1500-1545)	http://data.bnf.fr/ark:/12148/cb15006512p#foaf:Person
M Xanto Avelli	Xanto Avelli, Francesco (1500-1545)	http://data.bnf.fr/ark:/12148/cb15006512p#foaf:Person
M Francesco Xanto Avelli	Xanto Avelli, Francesco (1500-1545)	http://data.bnf.fr/ark:/12148/cb15006512p#foaf:Person
M. Xanto Avelli	Xanto Avelli, Francesco (1500-1545)	http://data.bnf.fr/ark:/12148/cb15006512p#foaf:Person
M. Francesco Xanto Avelli	Xanto Avelli, Francesco (1500-1545)	http://data.bnf.fr/ark:/12148/cb15006512p#foaf:Person
Rovigo da Urbino	Xanto Avelli, Francesco (1500-1545)	http://data.bnf.fr/ark:/12148/cb15006512p#foaf:Person
Eugeni Xammar	Xammar, Eugeni (1888-1973)	http://data.bnf.fr/ark:/12148/cb14432147f#foaf:Person	http://www.idref.fr/060223189
Xammar	Xammar, Eugeni (1888-1973)	http://data.bnf.fr/ark:/12148/cb14432147f#foaf:Person	http://www.idref.fr/060223189
E Xammar	Xammar, Eugeni (1888-1973)	http://data.bnf.fr/ark:/12148/cb14432147f#foaf:Person	http://www.idref.fr/060223189
E. Xammar	Xammar, Eugeni (1888-1973)	http://data.bnf.fr/ark:/12148/cb14432147f#foaf:Person	http://www.idref.fr/060223189
M Xammar	Xammar, Eugeni (1888-1973)	http://data.bnf.fr/ark:/12148/cb14432147f#foaf:Person	http://www.idref.fr/060223189
M Eugeni Xammar	Xammar, Eugeni (1888-1973)	http://data.bnf.fr/ark:/12148/cb14432147f#foaf:Person	http://www.idref.fr/060223189
M. Xammar	Xammar, Eugeni (1888-1973)	http://data.bnf.fr/ark:/12148/cb14432147f#foaf:Person	http://www.idref.fr/060223189
M. Eugeni Xammar	Xammar, Eugeni (1888-1973)	http://data.bnf.fr/ark:/12148/cb14432147f#foaf:Person	http://www.idref.fr/060223189
Fernand Xau	Xau, Fernand (1852-1899)	http://data.bnf.fr/ark:/12148/cb12842197m#foaf:Person
Xau	Xau, Fernand (1852-1899)	http://data.bnf.fr/ark:/12148/cb12842197m#foaf:Person
F Xau	Xau, Fernand (1852-1899)	http://data.bnf.fr/ark:/12148/cb12842197m#foaf:Person
F. Xau	Xau, Fernand (1852-1899)	http://data.bnf.fr/ark:/12148/cb12842197m#foaf:Person
M Xau	Xau, Fernand (1852-1899)	http://data.bnf.fr/ark:/12148/cb12842197m#foaf:Person
M Fernand Xau	Xau, Fernand (1852-1899)	http://data.bnf.fr/ark:/12148/cb12842197m#foaf:Person
M. Xau	Xau, Fernand (1852-1899)	http://data.bnf.fr/ark:/12148/cb12842197m#foaf:Person
M. Fernand Xau	Xau, Fernand (1852-1899)	http://data.bnf.fr/ark:/12148/cb12842197m#foaf:Person
Margarita Xirgu Subirá	Xirgu, Margarita (1888-1969)	http://data.bnf.fr/ark:/12148/cb16118310f#foaf:Person
Margarita Xirgu	Xirgu, Margarita (1888-1969)	http://data.bnf.fr/ark:/12148/cb16118310f#foaf:Person
Xirgu	Xirgu, Margarita (1888-1969)	http://data.bnf.fr/ark:/12148/cb16118310f#foaf:Person
M Xirgu	Xirgu, Margarita (1888-1969)	http://data.bnf.fr/ark:/12148/cb16118310f#foaf:Person
M. Xirgu	Xirgu, Margarita (1888-1969)	http://data.bnf.fr/ark:/12148/cb16118310f#foaf:Person
Mme Xirgu	Xirgu, Margarita (1888-1969)	http://data.bnf.fr/ark:/12148/cb16118310f#foaf:Person
Mme Margarita Xirgu	Xirgu, Margarita (1888-1969)	http://data.bnf.fr/ark:/12148/cb16118310f#foaf:Person
Mme. Xirgu	Xirgu, Margarita (1888-1969)	http://data.bnf.fr/ark:/12148/cb16118310f#foaf:Person
Mme. Margarita Xirgu	Xirgu, Margarita (1888-1969)	http://data.bnf.fr/ark:/12148/cb16118310f#foaf:Person
Xavier Rieux	Xavier de Fourvières, (1853-1912)	http://data.bnf.fr/ark:/12148/cb11929457h#foaf:Person	http://www.idref.fr/027200523
 Xavier de Fourvières	Xavier de Fourvières, (1853-1912)	http://data.bnf.fr/ark:/12148/cb11929457h#foaf:Person	http://www.idref.fr/027200523
Xavier de Fourvières	Xavier de Fourvières, (1853-1912)	http://data.bnf.fr/ark:/12148/cb11929457h#foaf:Person	http://www.idref.fr/027200523
 Xavier de Fourvières	Xavier de Fourvières, (1853-1912)	http://data.bnf.fr/ark:/12148/cb11929457h#foaf:Person	http://www.idref.fr/027200523
. Xavier de Fourvières	Xavier de Fourvières, (1853-1912)	http://data.bnf.fr/ark:/12148/cb11929457h#foaf:Person	http://www.idref.fr/027200523
M Xavier de Fourvières	Xavier de Fourvières, (1853-1912)	http://data.bnf.fr/ark:/12148/cb11929457h#foaf:Person	http://www.idref.fr/027200523
M  Xavier de Fourvières	Xavier de Fourvières, (1853-1912)	http://data.bnf.fr/ark:/12148/cb11929457h#foaf:Person	http://www.idref.fr/027200523
M. Xavier de Fourvières	Xavier de Fourvières, (1853-1912)	http://data.bnf.fr/ark:/12148/cb11929457h#foaf:Person	http://www.idref.fr/027200523
M.  Xavier de Fourvières	Xavier de Fourvières, (1853-1912)	http://data.bnf.fr/ark:/12148/cb11929457h#foaf:Person	http://www.idref.fr/027200523
Xavier de Fourvière	Xavier de Fourvières, (1853-1912)	http://data.bnf.fr/ark:/12148/cb11929457h#foaf:Person	http://www.idref.fr/027200523
Xavier-Albert Rieux	Xavier de Fourvières, (1853-1912)	http://data.bnf.fr/ark:/12148/cb11929457h#foaf:Person	http://www.idref.fr/027200523
 X. Z.	X. Z., (1827-1891)	http://data.bnf.fr/ark:/12148/cb16689652r#foaf:Person
X. Z.	X. Z., (1827-1891)	http://data.bnf.fr/ark:/12148/cb16689652r#foaf:Person
 X. Z.	X. Z., (1827-1891)	http://data.bnf.fr/ark:/12148/cb16689652r#foaf:Person
. X. Z.	X. Z., (1827-1891)	http://data.bnf.fr/ark:/12148/cb16689652r#foaf:Person
M X. Z.	X. Z., (1827-1891)	http://data.bnf.fr/ark:/12148/cb16689652r#foaf:Person
M  X. Z.	X. Z., (1827-1891)	http://data.bnf.fr/ark:/12148/cb16689652r#foaf:Person
M. X. Z.	X. Z., (1827-1891)	http://data.bnf.fr/ark:/12148/cb16689652r#foaf:Person
M.  X. Z.	X. Z., (1827-1891)	http://data.bnf.fr/ark:/12148/cb16689652r#foaf:Person
Xiang Zhai Zhang	Xiao De Zhang, (1876-1957)	http://data.bnf.fr/ark:/12148/cb165012897#foaf:Person
 Xiao De Zhang	Xiao De Zhang, (1876-1957)	http://data.bnf.fr/ark:/12148/cb165012897#foaf:Person
Xiao De Zhang	Xiao De Zhang, (1876-1957)	http://data.bnf.fr/ark:/12148/cb165012897#foaf:Person
 Xiao De Zhang	Xiao De Zhang, (1876-1957)	http://data.bnf.fr/ark:/12148/cb165012897#foaf:Person
. Xiao De Zhang	Xiao De Zhang, (1876-1957)	http://data.bnf.fr/ark:/12148/cb165012897#foaf:Person
M Xiao De Zhang	Xiao De Zhang, (1876-1957)	http://data.bnf.fr/ark:/12148/cb165012897#foaf:Person
M  Xiao De Zhang	Xiao De Zhang, (1876-1957)	http://data.bnf.fr/ark:/12148/cb165012897#foaf:Person
M. Xiao De Zhang	Xiao De Zhang, (1876-1957)	http://data.bnf.fr/ark:/12148/cb165012897#foaf:Person
M.  Xiao De Zhang	Xiao De Zhang, (1876-1957)	http://data.bnf.fr/ark:/12148/cb165012897#foaf:Person
Hsiang-chai Chang	Xiao De Zhang, (1876-1957)	http://data.bnf.fr/ark:/12148/cb165012897#foaf:Person
Lan De Zhang	Xiao De Zhang, (1876-1957)	http://data.bnf.fr/ark:/12148/cb165012897#foaf:Person
Heng-tʻai Chang	Xiao De Zhang, (1876-1957)	http://data.bnf.fr/ark:/12148/cb165012897#foaf:Person
Hengtai Zhang	Xiao De Zhang, (1876-1957)	http://data.bnf.fr/ark:/12148/cb165012897#foaf:Person
Lande Zhang	Xiao De Zhang, (1876-1957)	http://data.bnf.fr/ark:/12148/cb165012897#foaf:Person
Xiangzhai Zhang	Xiao De Zhang, (1876-1957)	http://data.bnf.fr/ark:/12148/cb165012897#foaf:Person
Heng Tai Zhang	Xiao De Zhang, (1876-1957)	http://data.bnf.fr/ark:/12148/cb165012897#foaf:Person
小德张	Xiao De Zhang, (1876-1957)	http://data.bnf.fr/ark:/12148/cb165012897#foaf:Person
Yunting Zhang	Xiao De Zhang, (1876-1957)	http://data.bnf.fr/ark:/12148/cb165012897#foaf:Person
Yün-tʻing Chang	Xiao De Zhang, (1876-1957)	http://data.bnf.fr/ark:/12148/cb165012897#foaf:Person
Xiaodezhang	Xiao De Zhang, (1876-1957)	http://data.bnf.fr/ark:/12148/cb165012897#foaf:Person
Yun Ting Zhang	Xiao De Zhang, (1876-1957)	http://data.bnf.fr/ark:/12148/cb165012897#foaf:Person
Lan-te Chang	Xiao De Zhang, (1876-1957)	http://data.bnf.fr/ark:/12148/cb165012897#foaf:Person
三藏法师	Xuan zang, 	http://data.bnf.fr/ark:/12148/cb12238277g#foaf:Person	http://dbpedia.org/resource/Xuanzang	http://www.idref.fr/034797785	http://www.idref.fr/121971953
 Xuan zang	Xuan zang, 	http://data.bnf.fr/ark:/12148/cb12238277g#foaf:Person	http://dbpedia.org/resource/Xuanzang	http://www.idref.fr/034797785	http://www.idref.fr/121971953
Xuan zang	Xuan zang, 	http://data.bnf.fr/ark:/12148/cb12238277g#foaf:Person	http://dbpedia.org/resource/Xuanzang	http://www.idref.fr/034797785	http://www.idref.fr/121971953
 Xuan zang	Xuan zang, 	http://data.bnf.fr/ark:/12148/cb12238277g#foaf:Person	http://dbpedia.org/resource/Xuanzang	http://www.idref.fr/034797785	http://www.idref.fr/121971953
. Xuan zang	Xuan zang, 	http://data.bnf.fr/ark:/12148/cb12238277g#foaf:Person	http://dbpedia.org/resource/Xuanzang	http://www.idref.fr/034797785	http://www.idref.fr/121971953
M Xuan zang	Xuan zang, 	http://data.bnf.fr/ark:/12148/cb12238277g#foaf:Person	http://dbpedia.org/resource/Xuanzang	http://www.idref.fr/034797785	http://www.idref.fr/121971953
M  Xuan zang	Xuan zang, 	http://data.bnf.fr/ark:/12148/cb12238277g#foaf:Person	http://dbpedia.org/resource/Xuanzang	http://www.idref.fr/034797785	http://www.idref.fr/121971953
M. Xuan zang	Xuan zang, 	http://data.bnf.fr/ark:/12148/cb12238277g#foaf:Person	http://dbpedia.org/resource/Xuanzang	http://www.idref.fr/034797785	http://www.idref.fr/121971953
M.  Xuan zang	Xuan zang, 	http://data.bnf.fr/ark:/12148/cb12238277g#foaf:Person	http://dbpedia.org/resource/Xuanzang	http://www.idref.fr/034797785	http://www.idref.fr/121971953
Tang seng	Xuan zang, 	http://data.bnf.fr/ark:/12148/cb12238277g#foaf:Person	http://dbpedia.org/resource/Xuanzang	http://www.idref.fr/034797785	http://www.idref.fr/121971953
San zang fa shi	Xuan zang, 	http://data.bnf.fr/ark:/12148/cb12238277g#foaf:Person	http://dbpedia.org/resource/Xuanzang	http://www.idref.fr/034797785	http://www.idref.fr/121971953
Hiuan-tsang	Xuan zang, 	http://data.bnf.fr/ark:/12148/cb12238277g#foaf:Person	http://dbpedia.org/resource/Xuanzang	http://www.idref.fr/034797785	http://www.idref.fr/121971953
Yüan Tsang	Xuan zang, 	http://data.bnf.fr/ark:/12148/cb12238277g#foaf:Person	http://dbpedia.org/resource/Xuanzang	http://www.idref.fr/034797785	http://www.idref.fr/121971953
Hiouen-tsang	Xuan zang, 	http://data.bnf.fr/ark:/12148/cb12238277g#foaf:Person	http://dbpedia.org/resource/Xuanzang	http://www.idref.fr/034797785	http://www.idref.fr/121971953
Hui Chen	Xuan zang, 	http://data.bnf.fr/ark:/12148/cb12238277g#foaf:Person	http://dbpedia.org/resource/Xuanzang	http://www.idref.fr/034797785	http://www.idref.fr/121971953
Xuanzang	Xuan zang, 	http://data.bnf.fr/ark:/12148/cb12238277g#foaf:Person	http://dbpedia.org/resource/Xuanzang	http://www.idref.fr/034797785	http://www.idref.fr/121971953
玄奘	Xuan zang, 	http://data.bnf.fr/ark:/12148/cb12238277g#foaf:Person	http://dbpedia.org/resource/Xuanzang	http://www.idref.fr/034797785	http://www.idref.fr/121971953
Hsüan-chuang	Xuan zang, 	http://data.bnf.fr/ark:/12148/cb12238277g#foaf:Person	http://dbpedia.org/resource/Xuanzang	http://www.idref.fr/034797785	http://www.idref.fr/121971953
Xuan Zhuang	Xuan zang, 	http://data.bnf.fr/ark:/12148/cb12238277g#foaf:Person	http://dbpedia.org/resource/Xuanzang	http://www.idref.fr/034797785	http://www.idref.fr/121971953
Hiuen-tsiang	Xuan zang, 	http://data.bnf.fr/ark:/12148/cb12238277g#foaf:Person	http://dbpedia.org/resource/Xuanzang	http://www.idref.fr/034797785	http://www.idref.fr/121971953
Sanzang fashi	Xuan zang, 	http://data.bnf.fr/ark:/12148/cb12238277g#foaf:Person	http://dbpedia.org/resource/Xuanzang	http://www.idref.fr/034797785	http://www.idref.fr/121971953
Hsüan-tsang	Xuan zang, 	http://data.bnf.fr/ark:/12148/cb12238277g#foaf:Person	http://dbpedia.org/resource/Xuanzang	http://www.idref.fr/034797785	http://www.idref.fr/121971953
Tangseng	Xuan zang, 	http://data.bnf.fr/ark:/12148/cb12238277g#foaf:Person	http://dbpedia.org/resource/Xuanzang	http://www.idref.fr/034797785	http://www.idref.fr/121971953
Joaquím Xirau	Xirau, Joaquín (1895-1946)	http://data.bnf.fr/ark:/12148/cb12553579q#foaf:Person	http://www.idref.fr/03482359X
Joaquín Xirau	Xirau, Joaquín (1895-1946)	http://data.bnf.fr/ark:/12148/cb12553579q#foaf:Person	http://www.idref.fr/03482359X
Xirau	Xirau, Joaquín (1895-1946)	http://data.bnf.fr/ark:/12148/cb12553579q#foaf:Person	http://www.idref.fr/03482359X
J Xirau	Xirau, Joaquín (1895-1946)	http://data.bnf.fr/ark:/12148/cb12553579q#foaf:Person	http://www.idref.fr/03482359X
J. Xirau	Xirau, Joaquín (1895-1946)	http://data.bnf.fr/ark:/12148/cb12553579q#foaf:Person	http://www.idref.fr/03482359X
M Xirau	Xirau, Joaquín (1895-1946)	http://data.bnf.fr/ark:/12148/cb12553579q#foaf:Person	http://www.idref.fr/03482359X
M Joaquín Xirau	Xirau, Joaquín (1895-1946)	http://data.bnf.fr/ark:/12148/cb12553579q#foaf:Person	http://www.idref.fr/03482359X
M. Xirau	Xirau, Joaquín (1895-1946)	http://data.bnf.fr/ark:/12148/cb12553579q#foaf:Person	http://www.idref.fr/03482359X
M. Joaquín Xirau	Xirau, Joaquín (1895-1946)	http://data.bnf.fr/ark:/12148/cb12553579q#foaf:Person	http://www.idref.fr/03482359X
Joaquín Xirau Subias	Xirau, Joaquín (1895-1946)	http://data.bnf.fr/ark:/12148/cb12553579q#foaf:Person	http://www.idref.fr/03482359X
Chen Siu	Xu, Shen	http://data.bnf.fr/ark:/12148/cb14529828r#foaf:Person	http://dbpedia.org/resource/Xu_Shen	http://www.idref.fr/094163537
Shen Xu	Xu, Shen	http://data.bnf.fr/ark:/12148/cb14529828r#foaf:Person	http://dbpedia.org/resource/Xu_Shen	http://www.idref.fr/094163537
Xu	Xu, Shen	http://data.bnf.fr/ark:/12148/cb14529828r#foaf:Person	http://dbpedia.org/resource/Xu_Shen	http://www.idref.fr/094163537
S Xu	Xu, Shen	http://data.bnf.fr/ark:/12148/cb14529828r#foaf:Person	http://dbpedia.org/resource/Xu_Shen	http://www.idref.fr/094163537
S. Xu	Xu, Shen	http://data.bnf.fr/ark:/12148/cb14529828r#foaf:Person	http://dbpedia.org/resource/Xu_Shen	http://www.idref.fr/094163537
M Xu	Xu, Shen	http://data.bnf.fr/ark:/12148/cb14529828r#foaf:Person	http://dbpedia.org/resource/Xu_Shen	http://www.idref.fr/094163537
M Shen Xu	Xu, Shen	http://data.bnf.fr/ark:/12148/cb14529828r#foaf:Person	http://dbpedia.org/resource/Xu_Shen	http://www.idref.fr/094163537
M. Xu	Xu, Shen	http://data.bnf.fr/ark:/12148/cb14529828r#foaf:Person	http://dbpedia.org/resource/Xu_Shen	http://www.idref.fr/094163537
M. Shen Xu	Xu, Shen	http://data.bnf.fr/ark:/12148/cb14529828r#foaf:Person	http://dbpedia.org/resource/Xu_Shen	http://www.idref.fr/094163537
Shu Zhong Xu	Xu, Shen	http://data.bnf.fr/ark:/12148/cb14529828r#foaf:Person	http://dbpedia.org/resource/Xu_Shen	http://www.idref.fr/094163537
Chen Hiu	Xu, Shen	http://data.bnf.fr/ark:/12148/cb14529828r#foaf:Person	http://dbpedia.org/resource/Xu_Shen	http://www.idref.fr/094163537
Shuzhong Xu	Xu, Shen	http://data.bnf.fr/ark:/12148/cb14529828r#foaf:Person	http://dbpedia.org/resource/Xu_Shen	http://www.idref.fr/094163537
Shen Hsü	Xu, Shen	http://data.bnf.fr/ark:/12148/cb14529828r#foaf:Person	http://dbpedia.org/resource/Xu_Shen	http://www.idref.fr/094163537
Shu-chung Hsü	Xu, Shen	http://data.bnf.fr/ark:/12148/cb14529828r#foaf:Person	http://dbpedia.org/resource/Xu_Shen	http://www.idref.fr/094163537
Qingteng Xu	Xu, Wei (1521-1593)	http://data.bnf.fr/ark:/12148/cb15844034b#foaf:Person	http://dbpedia.org/resource/Xu_Wei	http://www.idref.fr/112088449
Wei Xu	Xu, Wei (1521-1593)	http://data.bnf.fr/ark:/12148/cb15844034b#foaf:Person	http://dbpedia.org/resource/Xu_Wei	http://www.idref.fr/112088449
Xu	Xu, Wei (1521-1593)	http://data.bnf.fr/ark:/12148/cb15844034b#foaf:Person	http://dbpedia.org/resource/Xu_Wei	http://www.idref.fr/112088449
W Xu	Xu, Wei (1521-1593)	http://data.bnf.fr/ark:/12148/cb15844034b#foaf:Person	http://dbpedia.org/resource/Xu_Wei	http://www.idref.fr/112088449
W. Xu	Xu, Wei (1521-1593)	http://data.bnf.fr/ark:/12148/cb15844034b#foaf:Person	http://dbpedia.org/resource/Xu_Wei	http://www.idref.fr/112088449
M Xu	Xu, Wei (1521-1593)	http://data.bnf.fr/ark:/12148/cb15844034b#foaf:Person	http://dbpedia.org/resource/Xu_Wei	http://www.idref.fr/112088449
M Wei Xu	Xu, Wei (1521-1593)	http://data.bnf.fr/ark:/12148/cb15844034b#foaf:Person	http://dbpedia.org/resource/Xu_Wei	http://www.idref.fr/112088449
M. Xu	Xu, Wei (1521-1593)	http://data.bnf.fr/ark:/12148/cb15844034b#foaf:Person	http://dbpedia.org/resource/Xu_Wei	http://www.idref.fr/112088449
M. Wei Xu	Xu, Wei (1521-1593)	http://data.bnf.fr/ark:/12148/cb15844034b#foaf:Person	http://dbpedia.org/resource/Xu_Wei	http://www.idref.fr/112088449
Wenqing Xu	Xu, Wei (1521-1593)	http://data.bnf.fr/ark:/12148/cb15844034b#foaf:Person	http://dbpedia.org/resource/Xu_Wei	http://www.idref.fr/112088449
Qingtengshanren	Xu, Wei (1521-1593)	http://data.bnf.fr/ark:/12148/cb15844034b#foaf:Person	http://dbpedia.org/resource/Xu_Wei	http://www.idref.fr/112088449
Shuzhe Xu	Xu, Wei (1521-1593)	http://data.bnf.fr/ark:/12148/cb15844034b#foaf:Person	http://dbpedia.org/resource/Xu_Wei	http://www.idref.fr/112088449
Wenchang Xu	Xu, Wei (1521-1593)	http://data.bnf.fr/ark:/12148/cb15844034b#foaf:Person	http://dbpedia.org/resource/Xu_Wei	http://www.idref.fr/112088449
Tianchi Xu	Xu, Wei (1521-1593)	http://data.bnf.fr/ark:/12148/cb15844034b#foaf:Person	http://dbpedia.org/resource/Xu_Wei	http://www.idref.fr/112088449
渭 徐	Xu, Wei (1521-1593)	http://data.bnf.fr/ark:/12148/cb15844034b#foaf:Person	http://dbpedia.org/resource/Xu_Wei	http://www.idref.fr/112088449
Francisco de Xerez	Xerez, Francisco de (1497-1565)	http://data.bnf.fr/ark:/12148/cb12339114q#foaf:Person
Xerez	Xerez, Francisco de (1497-1565)	http://data.bnf.fr/ark:/12148/cb12339114q#foaf:Person
de Xerez	Xerez, Francisco de (1497-1565)	http://data.bnf.fr/ark:/12148/cb12339114q#foaf:Person
De Xerez	Xerez, Francisco de (1497-1565)	http://data.bnf.fr/ark:/12148/cb12339114q#foaf:Person
F Xerez	Xerez, Francisco de (1497-1565)	http://data.bnf.fr/ark:/12148/cb12339114q#foaf:Person
F. Xerez	Xerez, Francisco de (1497-1565)	http://data.bnf.fr/ark:/12148/cb12339114q#foaf:Person
F de Xerez	Xerez, Francisco de (1497-1565)	http://data.bnf.fr/ark:/12148/cb12339114q#foaf:Person
F De Xerez	Xerez, Francisco de (1497-1565)	http://data.bnf.fr/ark:/12148/cb12339114q#foaf:Person
F. De Xerez	Xerez, Francisco de (1497-1565)	http://data.bnf.fr/ark:/12148/cb12339114q#foaf:Person
F. de Xerez	Xerez, Francisco de (1497-1565)	http://data.bnf.fr/ark:/12148/cb12339114q#foaf:Person
M de Xerez	Xerez, Francisco de (1497-1565)	http://data.bnf.fr/ark:/12148/cb12339114q#foaf:Person
M Xerez	Xerez, Francisco de (1497-1565)	http://data.bnf.fr/ark:/12148/cb12339114q#foaf:Person
M Xerez	Xerez, Francisco de (1497-1565)	http://data.bnf.fr/ark:/12148/cb12339114q#foaf:Person
M Francisco de Xerez	Xerez, Francisco de (1497-1565)	http://data.bnf.fr/ark:/12148/cb12339114q#foaf:Person
M. Xerez	Xerez, Francisco de (1497-1565)	http://data.bnf.fr/ark:/12148/cb12339114q#foaf:Person
M. Francisco de Xerez	Xerez, Francisco de (1497-1565)	http://data.bnf.fr/ark:/12148/cb12339114q#foaf:Person
Duc d' Aquitaine	Xavier de France, (1753-1754)	http://data.bnf.fr/ark:/12148/cb15111398v#foaf:Person
 Xavier de France	Xavier de France, (1753-1754)	http://data.bnf.fr/ark:/12148/cb15111398v#foaf:Person
Xavier de France	Xavier de France, (1753-1754)	http://data.bnf.fr/ark:/12148/cb15111398v#foaf:Person
 Xavier de France	Xavier de France, (1753-1754)	http://data.bnf.fr/ark:/12148/cb15111398v#foaf:Person
. Xavier de France	Xavier de France, (1753-1754)	http://data.bnf.fr/ark:/12148/cb15111398v#foaf:Person
M Xavier de France	Xavier de France, (1753-1754)	http://data.bnf.fr/ark:/12148/cb15111398v#foaf:Person
M  Xavier de France	Xavier de France, (1753-1754)	http://data.bnf.fr/ark:/12148/cb15111398v#foaf:Person
M. Xavier de France	Xavier de France, (1753-1754)	http://data.bnf.fr/ark:/12148/cb15111398v#foaf:Person
M.  Xavier de France	Xavier de France, (1753-1754)	http://data.bnf.fr/ark:/12148/cb15111398v#foaf:Person
Commandant Khanzadian	Xanzatean, Zatik (1884--)	http://data.bnf.fr/ark:/12148/cb12238509t#foaf:Person	http://www.idref.fr/089764692
Zatik Xanzatean	Xanzatean, Zatik (1884--)	http://data.bnf.fr/ark:/12148/cb12238509t#foaf:Person	http://www.idref.fr/089764692
Xanzatean	Xanzatean, Zatik (1884--)	http://data.bnf.fr/ark:/12148/cb12238509t#foaf:Person	http://www.idref.fr/089764692
Z Xanzatean	Xanzatean, Zatik (1884--)	http://data.bnf.fr/ark:/12148/cb12238509t#foaf:Person	http://www.idref.fr/089764692
Z. Xanzatean	Xanzatean, Zatik (1884--)	http://data.bnf.fr/ark:/12148/cb12238509t#foaf:Person	http://www.idref.fr/089764692
M Xanzatean	Xanzatean, Zatik (1884--)	http://data.bnf.fr/ark:/12148/cb12238509t#foaf:Person	http://www.idref.fr/089764692
M Zatik Xanzatean	Xanzatean, Zatik (1884--)	http://data.bnf.fr/ark:/12148/cb12238509t#foaf:Person	http://www.idref.fr/089764692
M. Xanzatean	Xanzatean, Zatik (1884--)	http://data.bnf.fr/ark:/12148/cb12238509t#foaf:Person	http://www.idref.fr/089764692
M. Zatik Xanzatean	Xanzatean, Zatik (1884--)	http://data.bnf.fr/ark:/12148/cb12238509t#foaf:Person	http://www.idref.fr/089764692
Zadig Khanzadian	Xanzatean, Zatik (1884--)	http://data.bnf.fr/ark:/12148/cb12238509t#foaf:Person	http://www.idref.fr/089764692
Z. Kanzadian	Xanzatean, Zatik (1884--)	http://data.bnf.fr/ark:/12148/cb12238509t#foaf:Person	http://www.idref.fr/089764692
Dolores María de Ximeno y Cruz	Ximeno y Cruz, Dolores María (1866-1934)	http://data.bnf.fr/ark:/12148/cb14645364v#foaf:Person
Dolores María Ximeno y Cruz	Ximeno y Cruz, Dolores María (1866-1934)	http://data.bnf.fr/ark:/12148/cb14645364v#foaf:Person
Ximeno y Cruz	Ximeno y Cruz, Dolores María (1866-1934)	http://data.bnf.fr/ark:/12148/cb14645364v#foaf:Person
D M Ximeno y Cruz	Ximeno y Cruz, Dolores María (1866-1934)	http://data.bnf.fr/ark:/12148/cb14645364v#foaf:Person
D. M. Ximeno y Cruz	Ximeno y Cruz, Dolores María (1866-1934)	http://data.bnf.fr/ark:/12148/cb14645364v#foaf:Person
Mme Ximeno y Cruz	Ximeno y Cruz, Dolores María (1866-1934)	http://data.bnf.fr/ark:/12148/cb14645364v#foaf:Person
Mme Dolores María Ximeno y Cruz	Ximeno y Cruz, Dolores María (1866-1934)	http://data.bnf.fr/ark:/12148/cb14645364v#foaf:Person
Mme. Ximeno y Cruz	Ximeno y Cruz, Dolores María (1866-1934)	http://data.bnf.fr/ark:/12148/cb14645364v#foaf:Person
Mme. Dolores María Ximeno y Cruz	Ximeno y Cruz, Dolores María (1866-1934)	http://data.bnf.fr/ark:/12148/cb14645364v#foaf:Person
Ramón Ximénez de Cenarbe	Ximénez de Cenarbe, Ramón (1743-1831)	http://data.bnf.fr/ark:/12148/cb14550262q#foaf:Person
Ximénez de Cenarbe	Ximénez de Cenarbe, Ramón (1743-1831)	http://data.bnf.fr/ark:/12148/cb14550262q#foaf:Person
R Ximénez de Cenarbe	Ximénez de Cenarbe, Ramón (1743-1831)	http://data.bnf.fr/ark:/12148/cb14550262q#foaf:Person
R. Ximénez de Cenarbe	Ximénez de Cenarbe, Ramón (1743-1831)	http://data.bnf.fr/ark:/12148/cb14550262q#foaf:Person
M Ximénez de Cenarbe	Ximénez de Cenarbe, Ramón (1743-1831)	http://data.bnf.fr/ark:/12148/cb14550262q#foaf:Person
M Ramón Ximénez de Cenarbe	Ximénez de Cenarbe, Ramón (1743-1831)	http://data.bnf.fr/ark:/12148/cb14550262q#foaf:Person
M. Ximénez de Cenarbe	Ximénez de Cenarbe, Ramón (1743-1831)	http://data.bnf.fr/ark:/12148/cb14550262q#foaf:Person
M. Ramón Ximénez de Cenarbe	Ximénez de Cenarbe, Ramón (1743-1831)	http://data.bnf.fr/ark:/12148/cb14550262q#foaf:Person
Alexandru Dimitrie Xenopol	Xenopol, Alexandru Dimitrie (1847-1920)	http://data.bnf.fr/ark:/12148/cb12463254k#foaf:Person	http://dbpedia.org/resource/Alexandru_Dimitrie_Xenopol	http://www.idref.fr/033813329
Xenopol	Xenopol, Alexandru Dimitrie (1847-1920)	http://data.bnf.fr/ark:/12148/cb12463254k#foaf:Person	http://dbpedia.org/resource/Alexandru_Dimitrie_Xenopol	http://www.idref.fr/033813329
A D Xenopol	Xenopol, Alexandru Dimitrie (1847-1920)	http://data.bnf.fr/ark:/12148/cb12463254k#foaf:Person	http://dbpedia.org/resource/Alexandru_Dimitrie_Xenopol	http://www.idref.fr/033813329
A. D. Xenopol	Xenopol, Alexandru Dimitrie (1847-1920)	http://data.bnf.fr/ark:/12148/cb12463254k#foaf:Person	http://dbpedia.org/resource/Alexandru_Dimitrie_Xenopol	http://www.idref.fr/033813329
M Xenopol	Xenopol, Alexandru Dimitrie (1847-1920)	http://data.bnf.fr/ark:/12148/cb12463254k#foaf:Person	http://dbpedia.org/resource/Alexandru_Dimitrie_Xenopol	http://www.idref.fr/033813329
M Alexandru Dimitrie Xenopol	Xenopol, Alexandru Dimitrie (1847-1920)	http://data.bnf.fr/ark:/12148/cb12463254k#foaf:Person	http://dbpedia.org/resource/Alexandru_Dimitrie_Xenopol	http://www.idref.fr/033813329
M. Xenopol	Xenopol, Alexandru Dimitrie (1847-1920)	http://data.bnf.fr/ark:/12148/cb12463254k#foaf:Person	http://dbpedia.org/resource/Alexandru_Dimitrie_Xenopol	http://www.idref.fr/033813329
M. Alexandru Dimitrie Xenopol	Xenopol, Alexandru Dimitrie (1847-1920)	http://data.bnf.fr/ark:/12148/cb12463254k#foaf:Person	http://dbpedia.org/resource/Alexandru_Dimitrie_Xenopol	http://www.idref.fr/033813329
Johann Ludwig von Xylander	Xylander, Johann Ludwig von (1774--)	http://data.bnf.fr/ark:/12148/cb15154906k#foaf:Person
Xylander	Xylander, Johann Ludwig von (1774--)	http://data.bnf.fr/ark:/12148/cb15154906k#foaf:Person
von Xylander	Xylander, Johann Ludwig von (1774--)	http://data.bnf.fr/ark:/12148/cb15154906k#foaf:Person
Von Xylander	Xylander, Johann Ludwig von (1774--)	http://data.bnf.fr/ark:/12148/cb15154906k#foaf:Person
J L Xylander	Xylander, Johann Ludwig von (1774--)	http://data.bnf.fr/ark:/12148/cb15154906k#foaf:Person
J. L. Xylander	Xylander, Johann Ludwig von (1774--)	http://data.bnf.fr/ark:/12148/cb15154906k#foaf:Person
J L von Xylander	Xylander, Johann Ludwig von (1774--)	http://data.bnf.fr/ark:/12148/cb15154906k#foaf:Person
J L Von Xylander	Xylander, Johann Ludwig von (1774--)	http://data.bnf.fr/ark:/12148/cb15154906k#foaf:Person
J. L. Von Xylander	Xylander, Johann Ludwig von (1774--)	http://data.bnf.fr/ark:/12148/cb15154906k#foaf:Person
J. L. von Xylander	Xylander, Johann Ludwig von (1774--)	http://data.bnf.fr/ark:/12148/cb15154906k#foaf:Person
M von Xylander	Xylander, Johann Ludwig von (1774--)	http://data.bnf.fr/ark:/12148/cb15154906k#foaf:Person
M Xylander	Xylander, Johann Ludwig von (1774--)	http://data.bnf.fr/ark:/12148/cb15154906k#foaf:Person
M Xylander	Xylander, Johann Ludwig von (1774--)	http://data.bnf.fr/ark:/12148/cb15154906k#foaf:Person
M Johann Ludwig von Xylander	Xylander, Johann Ludwig von (1774--)	http://data.bnf.fr/ark:/12148/cb15154906k#foaf:Person
M. Xylander	Xylander, Johann Ludwig von (1774--)	http://data.bnf.fr/ark:/12148/cb15154906k#foaf:Person
M. Johann Ludwig von Xylander	Xylander, Johann Ludwig von (1774--)	http://data.bnf.fr/ark:/12148/cb15154906k#foaf:Person
Hsia-k′e Hsü	Xu, Hongzu (1587-1641)	http://data.bnf.fr/ark:/12148/cb12323278k#foaf:Person	http://www.idref.fr/03214623X
Hongzu Xu	Xu, Hongzu (1587-1641)	http://data.bnf.fr/ark:/12148/cb12323278k#foaf:Person	http://www.idref.fr/03214623X
Xu	Xu, Hongzu (1587-1641)	http://data.bnf.fr/ark:/12148/cb12323278k#foaf:Person	http://www.idref.fr/03214623X
H Xu	Xu, Hongzu (1587-1641)	http://data.bnf.fr/ark:/12148/cb12323278k#foaf:Person	http://www.idref.fr/03214623X
H. Xu	Xu, Hongzu (1587-1641)	http://data.bnf.fr/ark:/12148/cb12323278k#foaf:Person	http://www.idref.fr/03214623X
M Xu	Xu, Hongzu (1587-1641)	http://data.bnf.fr/ark:/12148/cb12323278k#foaf:Person	http://www.idref.fr/03214623X
M Hongzu Xu	Xu, Hongzu (1587-1641)	http://data.bnf.fr/ark:/12148/cb12323278k#foaf:Person	http://www.idref.fr/03214623X
M. Xu	Xu, Hongzu (1587-1641)	http://data.bnf.fr/ark:/12148/cb12323278k#foaf:Person	http://www.idref.fr/03214623X
M. Hongzu Xu	Xu, Hongzu (1587-1641)	http://data.bnf.fr/ark:/12148/cb12323278k#foaf:Person	http://www.idref.fr/03214623X
Chen-chih Hsü	Xu, Hongzu (1587-1641)	http://data.bnf.fr/ark:/12148/cb12323278k#foaf:Person	http://www.idref.fr/03214623X
Hung-tsu Hsü	Xu, Hongzu (1587-1641)	http://data.bnf.fr/ark:/12148/cb12323278k#foaf:Person	http://www.idref.fr/03214623X
Hia-k′o Siu	Xu, Hongzu (1587-1641)	http://data.bnf.fr/ark:/12148/cb12323278k#foaf:Person	http://www.idref.fr/03214623X
Xiake Xu	Xu, Hongzu (1587-1641)	http://data.bnf.fr/ark:/12148/cb12323278k#foaf:Person	http://www.idref.fr/03214623X
Xiayi Xu	Xu, Hongzu (1587-1641)	http://data.bnf.fr/ark:/12148/cb12323278k#foaf:Person	http://www.idref.fr/03214623X
Zhenzhi Xu	Xu, Hongzu (1587-1641)	http://data.bnf.fr/ark:/12148/cb12323278k#foaf:Person	http://www.idref.fr/03214623X
Hsia-k′o Hsü	Xu, Hongzu (1587-1641)	http://data.bnf.fr/ark:/12148/cb12323278k#foaf:Person	http://www.idref.fr/03214623X
Siu Hia-k′o	Xu, Hongzu (1587-1641)	http://data.bnf.fr/ark:/12148/cb12323278k#foaf:Person	http://www.idref.fr/03214623X
Joseph Xaupi	Xaupi, Joseph (1688-1778)	http://data.bnf.fr/ark:/12148/cb14340189x#foaf:Person	http://www.idref.fr/059945532
Xaupi	Xaupi, Joseph (1688-1778)	http://data.bnf.fr/ark:/12148/cb14340189x#foaf:Person	http://www.idref.fr/059945532
J Xaupi	Xaupi, Joseph (1688-1778)	http://data.bnf.fr/ark:/12148/cb14340189x#foaf:Person	http://www.idref.fr/059945532
J. Xaupi	Xaupi, Joseph (1688-1778)	http://data.bnf.fr/ark:/12148/cb14340189x#foaf:Person	http://www.idref.fr/059945532
M Xaupi	Xaupi, Joseph (1688-1778)	http://data.bnf.fr/ark:/12148/cb14340189x#foaf:Person	http://www.idref.fr/059945532
M Joseph Xaupi	Xaupi, Joseph (1688-1778)	http://data.bnf.fr/ark:/12148/cb14340189x#foaf:Person	http://www.idref.fr/059945532
M. Xaupi	Xaupi, Joseph (1688-1778)	http://data.bnf.fr/ark:/12148/cb14340189x#foaf:Person	http://www.idref.fr/059945532
M. Joseph Xaupi	Xaupi, Joseph (1688-1778)	http://data.bnf.fr/ark:/12148/cb14340189x#foaf:Person	http://www.idref.fr/059945532
Ch′ing Hsün	Xun zi, 	http://data.bnf.fr/ark:/12148/cb12096059d#foaf:Person	http://www.idref.fr/02930654X
 Xun zi	Xun zi, 	http://data.bnf.fr/ark:/12148/cb12096059d#foaf:Person	http://www.idref.fr/02930654X
Xun zi	Xun zi, 	http://data.bnf.fr/ark:/12148/cb12096059d#foaf:Person	http://www.idref.fr/02930654X
 Xun zi	Xun zi, 	http://data.bnf.fr/ark:/12148/cb12096059d#foaf:Person	http://www.idref.fr/02930654X
. Xun zi	Xun zi, 	http://data.bnf.fr/ark:/12148/cb12096059d#foaf:Person	http://www.idref.fr/02930654X
M Xun zi	Xun zi, 	http://data.bnf.fr/ark:/12148/cb12096059d#foaf:Person	http://www.idref.fr/02930654X
M  Xun zi	Xun zi, 	http://data.bnf.fr/ark:/12148/cb12096059d#foaf:Person	http://www.idref.fr/02930654X
M. Xun zi	Xun zi, 	http://data.bnf.fr/ark:/12148/cb12096059d#foaf:Person	http://www.idref.fr/02930654X
M.  Xun zi	Xun zi, 	http://data.bnf.fr/ark:/12148/cb12096059d#foaf:Person	http://www.idref.fr/02930654X
Hsün Tzu	Xun zi, 	http://data.bnf.fr/ark:/12148/cb12096059d#foaf:Person	http://www.idref.fr/02930654X
Maître Xun	Xun zi, 	http://data.bnf.fr/ark:/12148/cb12096059d#foaf:Person	http://www.idref.fr/02930654X
Hsün-tzu	Xun zi, 	http://data.bnf.fr/ark:/12148/cb12096059d#foaf:Person	http://www.idref.fr/02930654X
Xunzi	Xun zi, 	http://data.bnf.fr/ark:/12148/cb12096059d#foaf:Person	http://www.idref.fr/02930654X
Junshi	Xun zi, 	http://data.bnf.fr/ark:/12148/cb12096059d#foaf:Person	http://www.idref.fr/02930654X
Kuang Xun	Xun zi, 	http://data.bnf.fr/ark:/12148/cb12096059d#foaf:Person	http://www.idref.fr/02930654X
K′uang Hsün	Xun zi, 	http://data.bnf.fr/ark:/12148/cb12096059d#foaf:Person	http://www.idref.fr/02930654X
Maître Siun	Xun zi, 	http://data.bnf.fr/ark:/12148/cb12096059d#foaf:Person	http://www.idref.fr/02930654X
况 荀	Xun zi, 	http://data.bnf.fr/ark:/12148/cb12096059d#foaf:Person	http://www.idref.fr/02930654X
Hsüntze	Xun zi, 	http://data.bnf.fr/ark:/12148/cb12096059d#foaf:Person	http://www.idref.fr/02930654X
Siun Tseu	Xun zi, 	http://data.bnf.fr/ark:/12148/cb12096059d#foaf:Person	http://www.idref.fr/02930654X
Hsün-tze	Xun zi, 	http://data.bnf.fr/ark:/12148/cb12096059d#foaf:Person	http://www.idref.fr/02930654X
荀子	Xun zi, 	http://data.bnf.fr/ark:/12148/cb12096059d#foaf:Person	http://www.idref.fr/02930654X
Xuan hu	Xu, Guangqi (1562-1633)	http://data.bnf.fr/ark:/12148/cb150892932#foaf:Person	http://dbpedia.org/resource/Xu_Guangqi	http://www.idref.fr/060864265
Guangqi Xu	Xu, Guangqi (1562-1633)	http://data.bnf.fr/ark:/12148/cb150892932#foaf:Person	http://dbpedia.org/resource/Xu_Guangqi	http://www.idref.fr/060864265
Xu	Xu, Guangqi (1562-1633)	http://data.bnf.fr/ark:/12148/cb150892932#foaf:Person	http://dbpedia.org/resource/Xu_Guangqi	http://www.idref.fr/060864265
G Xu	Xu, Guangqi (1562-1633)	http://data.bnf.fr/ark:/12148/cb150892932#foaf:Person	http://dbpedia.org/resource/Xu_Guangqi	http://www.idref.fr/060864265
G. Xu	Xu, Guangqi (1562-1633)	http://data.bnf.fr/ark:/12148/cb150892932#foaf:Person	http://dbpedia.org/resource/Xu_Guangqi	http://www.idref.fr/060864265
M Xu	Xu, Guangqi (1562-1633)	http://data.bnf.fr/ark:/12148/cb150892932#foaf:Person	http://dbpedia.org/resource/Xu_Guangqi	http://www.idref.fr/060864265
M Guangqi Xu	Xu, Guangqi (1562-1633)	http://data.bnf.fr/ark:/12148/cb150892932#foaf:Person	http://dbpedia.org/resource/Xu_Guangqi	http://www.idref.fr/060864265
M. Xu	Xu, Guangqi (1562-1633)	http://data.bnf.fr/ark:/12148/cb150892932#foaf:Person	http://dbpedia.org/resource/Xu_Guangqi	http://www.idref.fr/060864265
M. Guangqi Xu	Xu, Guangqi (1562-1633)	http://data.bnf.fr/ark:/12148/cb150892932#foaf:Person	http://dbpedia.org/resource/Xu_Guangqi	http://www.idref.fr/060864265
子先	Xu, Guangqi (1562-1633)	http://data.bnf.fr/ark:/12148/cb150892932#foaf:Person	http://dbpedia.org/resource/Xu_Guangqi	http://www.idref.fr/060864265
Paulo Xiu	Xu, Guangqi (1562-1633)	http://data.bnf.fr/ark:/12148/cb150892932#foaf:Person	http://dbpedia.org/resource/Xu_Guangqi	http://www.idref.fr/060864265
光啟 徐	Xu, Guangqi (1562-1633)	http://data.bnf.fr/ark:/12148/cb150892932#foaf:Person	http://dbpedia.org/resource/Xu_Guangqi	http://www.idref.fr/060864265
Zi xian	Xu, Guangqi (1562-1633)	http://data.bnf.fr/ark:/12148/cb150892932#foaf:Person	http://dbpedia.org/resource/Xu_Guangqi	http://www.idref.fr/060864265
Paul Siu	Xu, Guangqi (1562-1633)	http://data.bnf.fr/ark:/12148/cb150892932#foaf:Person	http://dbpedia.org/resource/Xu_Guangqi	http://www.idref.fr/060864265
Wen ding gong	Xu, Guangqi (1562-1633)	http://data.bnf.fr/ark:/12148/cb150892932#foaf:Person	http://dbpedia.org/resource/Xu_Guangqi	http://www.idref.fr/060864265
Jenofanes	Xénophane, 	http://data.bnf.fr/ark:/12148/cb12309917b#foaf:Person	http://www.idref.fr/031983855
 Xénophane	Xénophane, 	http://data.bnf.fr/ark:/12148/cb12309917b#foaf:Person	http://www.idref.fr/031983855
Xénophane	Xénophane, 	http://data.bnf.fr/ark:/12148/cb12309917b#foaf:Person	http://www.idref.fr/031983855
 Xénophane	Xénophane, 	http://data.bnf.fr/ark:/12148/cb12309917b#foaf:Person	http://www.idref.fr/031983855
. Xénophane	Xénophane, 	http://data.bnf.fr/ark:/12148/cb12309917b#foaf:Person	http://www.idref.fr/031983855
M Xénophane	Xénophane, 	http://data.bnf.fr/ark:/12148/cb12309917b#foaf:Person	http://www.idref.fr/031983855
M  Xénophane	Xénophane, 	http://data.bnf.fr/ark:/12148/cb12309917b#foaf:Person	http://www.idref.fr/031983855
M. Xénophane	Xénophane, 	http://data.bnf.fr/ark:/12148/cb12309917b#foaf:Person	http://www.idref.fr/031983855
M.  Xénophane	Xénophane, 	http://data.bnf.fr/ark:/12148/cb12309917b#foaf:Person	http://www.idref.fr/031983855
Senofane di Colofone	Xénophane, 	http://data.bnf.fr/ark:/12148/cb12309917b#foaf:Person	http://www.idref.fr/031983855
Xenofánīs	Xénophane, 	http://data.bnf.fr/ark:/12148/cb12309917b#foaf:Person	http://www.idref.fr/031983855
Xenophánēs	Xénophane, 	http://data.bnf.fr/ark:/12148/cb12309917b#foaf:Person	http://www.idref.fr/031983855
Xénophane de Colophon	Xénophane, 	http://data.bnf.fr/ark:/12148/cb12309917b#foaf:Person	http://www.idref.fr/031983855
Ξενοφάνης	Xénophane, 	http://data.bnf.fr/ark:/12148/cb12309917b#foaf:Person	http://www.idref.fr/031983855
Xie An	Xie, An	http://data.bnf.fr/ark:/12148/cb12321388p#foaf:Person	http://www.idref.fr/032123027
An Xie	Xie, An	http://data.bnf.fr/ark:/12148/cb12321388p#foaf:Person	http://www.idref.fr/032123027
Xie	Xie, An	http://data.bnf.fr/ark:/12148/cb12321388p#foaf:Person	http://www.idref.fr/032123027
A Xie	Xie, An	http://data.bnf.fr/ark:/12148/cb12321388p#foaf:Person	http://www.idref.fr/032123027
A. Xie	Xie, An	http://data.bnf.fr/ark:/12148/cb12321388p#foaf:Person	http://www.idref.fr/032123027
M Xie	Xie, An	http://data.bnf.fr/ark:/12148/cb12321388p#foaf:Person	http://www.idref.fr/032123027
M An Xie	Xie, An	http://data.bnf.fr/ark:/12148/cb12321388p#foaf:Person	http://www.idref.fr/032123027
M. Xie	Xie, An	http://data.bnf.fr/ark:/12148/cb12321388p#foaf:Person	http://www.idref.fr/032123027
M. An Xie	Xie, An	http://data.bnf.fr/ark:/12148/cb12321388p#foaf:Person	http://www.idref.fr/032123027
Chih-mo	Xu, Zhi Mo (1896-1931)	http://data.bnf.fr/ark:/12148/cb134821805#foaf:Person	http://www.idref.fr/071340793	http://dbpedia.org/resource/Xu_Zhimo
Zhi Mo Xu	Xu, Zhi Mo (1896-1931)	http://data.bnf.fr/ark:/12148/cb134821805#foaf:Person	http://www.idref.fr/071340793	http://dbpedia.org/resource/Xu_Zhimo
Xu	Xu, Zhi Mo (1896-1931)	http://data.bnf.fr/ark:/12148/cb134821805#foaf:Person	http://www.idref.fr/071340793	http://dbpedia.org/resource/Xu_Zhimo
Z M Xu	Xu, Zhi Mo (1896-1931)	http://data.bnf.fr/ark:/12148/cb134821805#foaf:Person	http://www.idref.fr/071340793	http://dbpedia.org/resource/Xu_Zhimo
Z. M. Xu	Xu, Zhi Mo (1896-1931)	http://data.bnf.fr/ark:/12148/cb134821805#foaf:Person	http://www.idref.fr/071340793	http://dbpedia.org/resource/Xu_Zhimo
M Xu	Xu, Zhi Mo (1896-1931)	http://data.bnf.fr/ark:/12148/cb134821805#foaf:Person	http://www.idref.fr/071340793	http://dbpedia.org/resource/Xu_Zhimo
M Zhi Mo Xu	Xu, Zhi Mo (1896-1931)	http://data.bnf.fr/ark:/12148/cb134821805#foaf:Person	http://www.idref.fr/071340793	http://dbpedia.org/resource/Xu_Zhimo
M. Xu	Xu, Zhi Mo (1896-1931)	http://data.bnf.fr/ark:/12148/cb134821805#foaf:Person	http://www.idref.fr/071340793	http://dbpedia.org/resource/Xu_Zhimo
M. Zhi Mo Xu	Xu, Zhi Mo (1896-1931)	http://data.bnf.fr/ark:/12148/cb134821805#foaf:Person	http://www.idref.fr/071340793	http://dbpedia.org/resource/Xu_Zhimo
Yousen Xu	Xu, Zhi Mo (1896-1931)	http://data.bnf.fr/ark:/12148/cb134821805#foaf:Person	http://www.idref.fr/071340793	http://dbpedia.org/resource/Xu_Zhimo
Hsü Chang-hsü	Xu, Zhi Mo (1896-1931)	http://data.bnf.fr/ark:/12148/cb134821805#foaf:Person	http://www.idref.fr/071340793	http://dbpedia.org/resource/Xu_Zhimo
志摩 徐	Xu, Zhi Mo (1896-1931)	http://data.bnf.fr/ark:/12148/cb134821805#foaf:Person	http://www.idref.fr/071340793	http://dbpedia.org/resource/Xu_Zhimo
Yu-sen Hsü	Xu, Zhi Mo (1896-1931)	http://data.bnf.fr/ark:/12148/cb134821805#foaf:Person	http://www.idref.fr/071340793	http://dbpedia.org/resource/Xu_Zhimo
Zhimo	Xu, Zhi Mo (1896-1931)	http://data.bnf.fr/ark:/12148/cb134821805#foaf:Person	http://www.idref.fr/071340793	http://dbpedia.org/resource/Xu_Zhimo
Chih-mo Hsü	Xu, Zhi Mo (1896-1931)	http://data.bnf.fr/ark:/12148/cb134821805#foaf:Person	http://www.idref.fr/071340793	http://dbpedia.org/resource/Xu_Zhimo
Zhangxu Xu	Xu, Zhi Mo (1896-1931)	http://data.bnf.fr/ark:/12148/cb134821805#foaf:Person	http://www.idref.fr/071340793	http://dbpedia.org/resource/Xu_Zhimo
Zhimo Xu	Xu, Zhi Mo (1896-1931)	http://data.bnf.fr/ark:/12148/cb134821805#foaf:Person	http://www.idref.fr/071340793	http://dbpedia.org/resource/Xu_Zhimo
Xenokrátēs ho Chalkēdónios	Xénocrate de Chalcédoine, 	http://data.bnf.fr/ark:/12148/cb11930045f#foaf:Person	http://www.idref.fr/027208451
 Xénocrate de Chalcédoine	Xénocrate de Chalcédoine, 	http://data.bnf.fr/ark:/12148/cb11930045f#foaf:Person	http://www.idref.fr/027208451
Xénocrate de Chalcédoine	Xénocrate de Chalcédoine, 	http://data.bnf.fr/ark:/12148/cb11930045f#foaf:Person	http://www.idref.fr/027208451
 Xénocrate de Chalcédoine	Xénocrate de Chalcédoine, 	http://data.bnf.fr/ark:/12148/cb11930045f#foaf:Person	http://www.idref.fr/027208451
. Xénocrate de Chalcédoine	Xénocrate de Chalcédoine, 	http://data.bnf.fr/ark:/12148/cb11930045f#foaf:Person	http://www.idref.fr/027208451
M Xénocrate de Chalcédoine	Xénocrate de Chalcédoine, 	http://data.bnf.fr/ark:/12148/cb11930045f#foaf:Person	http://www.idref.fr/027208451
M  Xénocrate de Chalcédoine	Xénocrate de Chalcédoine, 	http://data.bnf.fr/ark:/12148/cb11930045f#foaf:Person	http://www.idref.fr/027208451
M. Xénocrate de Chalcédoine	Xénocrate de Chalcédoine, 	http://data.bnf.fr/ark:/12148/cb11930045f#foaf:Person	http://www.idref.fr/027208451
M.  Xénocrate de Chalcédoine	Xénocrate de Chalcédoine, 	http://data.bnf.fr/ark:/12148/cb11930045f#foaf:Person	http://www.idref.fr/027208451
Xenokrátīs ho Chalkīdónios	Xénocrate de Chalcédoine, 	http://data.bnf.fr/ark:/12148/cb11930045f#foaf:Person	http://www.idref.fr/027208451
Ξενοκράτης ὁ Χαλκηδόνιος	Xénocrate de Chalcédoine, 	http://data.bnf.fr/ark:/12148/cb11930045f#foaf:Person	http://www.idref.fr/027208451
Xénocrate	Xénocrate de Chalcédoine, 	http://data.bnf.fr/ark:/12148/cb11930045f#foaf:Person	http://www.idref.fr/027208451
Léon-Alfred Fourneau	Xanrof, Léon (1867-1953)	http://data.bnf.fr/ark:/12148/cb124075424#foaf:Person	http://www.idref.fr/086703633	http://dbpedia.org/resource/Léon_Xanrof
Léon Xanrof	Xanrof, Léon (1867-1953)	http://data.bnf.fr/ark:/12148/cb124075424#foaf:Person	http://www.idref.fr/086703633	http://dbpedia.org/resource/Léon_Xanrof
Xanrof	Xanrof, Léon (1867-1953)	http://data.bnf.fr/ark:/12148/cb124075424#foaf:Person	http://www.idref.fr/086703633	http://dbpedia.org/resource/Léon_Xanrof
L Xanrof	Xanrof, Léon (1867-1953)	http://data.bnf.fr/ark:/12148/cb124075424#foaf:Person	http://www.idref.fr/086703633	http://dbpedia.org/resource/Léon_Xanrof
L. Xanrof	Xanrof, Léon (1867-1953)	http://data.bnf.fr/ark:/12148/cb124075424#foaf:Person	http://www.idref.fr/086703633	http://dbpedia.org/resource/Léon_Xanrof
M Xanrof	Xanrof, Léon (1867-1953)	http://data.bnf.fr/ark:/12148/cb124075424#foaf:Person	http://www.idref.fr/086703633	http://dbpedia.org/resource/Léon_Xanrof
M Léon Xanrof	Xanrof, Léon (1867-1953)	http://data.bnf.fr/ark:/12148/cb124075424#foaf:Person	http://www.idref.fr/086703633	http://dbpedia.org/resource/Léon_Xanrof
M. Xanrof	Xanrof, Léon (1867-1953)	http://data.bnf.fr/ark:/12148/cb124075424#foaf:Person	http://www.idref.fr/086703633	http://dbpedia.org/resource/Léon_Xanrof
M. Léon Xanrof	Xanrof, Léon (1867-1953)	http://data.bnf.fr/ark:/12148/cb124075424#foaf:Person	http://www.idref.fr/086703633	http://dbpedia.org/resource/Léon_Xanrof
Léon-Alfred Xanrof	Xanrof, Léon (1867-1953)	http://data.bnf.fr/ark:/12148/cb124075424#foaf:Person	http://www.idref.fr/086703633	http://dbpedia.org/resource/Léon_Xanrof
Haro	Xanrof, Léon (1867-1953)	http://data.bnf.fr/ark:/12148/cb124075424#foaf:Person	http://www.idref.fr/086703633	http://dbpedia.org/resource/Léon_Xanrof
Xanroff	Xanrof, Léon (1867-1953)	http://data.bnf.fr/ark:/12148/cb124075424#foaf:Person	http://www.idref.fr/086703633	http://dbpedia.org/resource/Léon_Xanrof
Kin Hie	Xie, Jin (1369-1415)	http://data.bnf.fr/ark:/12148/cb14615260k#foaf:Person	http://www.idref.fr/086197436
Jin Xie	Xie, Jin (1369-1415)	http://data.bnf.fr/ark:/12148/cb14615260k#foaf:Person	http://www.idref.fr/086197436
Xie	Xie, Jin (1369-1415)	http://data.bnf.fr/ark:/12148/cb14615260k#foaf:Person	http://www.idref.fr/086197436
J Xie	Xie, Jin (1369-1415)	http://data.bnf.fr/ark:/12148/cb14615260k#foaf:Person	http://www.idref.fr/086197436
J. Xie	Xie, Jin (1369-1415)	http://data.bnf.fr/ark:/12148/cb14615260k#foaf:Person	http://www.idref.fr/086197436
M Xie	Xie, Jin (1369-1415)	http://data.bnf.fr/ark:/12148/cb14615260k#foaf:Person	http://www.idref.fr/086197436
M Jin Xie	Xie, Jin (1369-1415)	http://data.bnf.fr/ark:/12148/cb14615260k#foaf:Person	http://www.idref.fr/086197436
M. Xie	Xie, Jin (1369-1415)	http://data.bnf.fr/ark:/12148/cb14615260k#foaf:Person	http://www.idref.fr/086197436
M. Jin Xie	Xie, Jin (1369-1415)	http://data.bnf.fr/ark:/12148/cb14615260k#foaf:Person	http://www.idref.fr/086197436
Hie Kin	Xie, Jin (1369-1415)	http://data.bnf.fr/ark:/12148/cb14615260k#foaf:Person	http://www.idref.fr/086197436
Xie Jin	Xie, Jin (1369-1415)	http://data.bnf.fr/ark:/12148/cb14615260k#foaf:Person	http://www.idref.fr/086197436
Chin Hsieh	Xie, Jin (1369-1415)	http://data.bnf.fr/ark:/12148/cb14615260k#foaf:Person	http://www.idref.fr/086197436
Wen yi Xie	Xie, Jin (1369-1415)	http://data.bnf.fr/ark:/12148/cb14615260k#foaf:Person	http://www.idref.fr/086197436
Hsieh Chin	Xie, Jin (1369-1415)	http://data.bnf.fr/ark:/12148/cb14615260k#foaf:Person	http://www.idref.fr/086197436
Khshayarsha	Xerxès, 	http://data.bnf.fr/ark:/12148/cb150689088#foaf:Person
 Xerxès	Xerxès, 	http://data.bnf.fr/ark:/12148/cb150689088#foaf:Person
Xerxès	Xerxès, 	http://data.bnf.fr/ark:/12148/cb150689088#foaf:Person
 Xerxès	Xerxès, 	http://data.bnf.fr/ark:/12148/cb150689088#foaf:Person
. Xerxès	Xerxès, 	http://data.bnf.fr/ark:/12148/cb150689088#foaf:Person
M Xerxès	Xerxès, 	http://data.bnf.fr/ark:/12148/cb150689088#foaf:Person
M  Xerxès	Xerxès, 	http://data.bnf.fr/ark:/12148/cb150689088#foaf:Person
M. Xerxès	Xerxès, 	http://data.bnf.fr/ark:/12148/cb150689088#foaf:Person
M.  Xerxès	Xerxès, 	http://data.bnf.fr/ark:/12148/cb150689088#foaf:Person
Cheou Kang Sie	Xie Shoukang, (1897-1973)	http://data.bnf.fr/ark:/12148/cb14386668m#foaf:Person	http://www.idref.fr/105717304
 Xie Shoukang	Xie Shoukang, (1897-1973)	http://data.bnf.fr/ark:/12148/cb14386668m#foaf:Person	http://www.idref.fr/105717304
Xie Shoukang	Xie Shoukang, (1897-1973)	http://data.bnf.fr/ark:/12148/cb14386668m#foaf:Person	http://www.idref.fr/105717304
 Xie Shoukang	Xie Shoukang, (1897-1973)	http://data.bnf.fr/ark:/12148/cb14386668m#foaf:Person	http://www.idref.fr/105717304
. Xie Shoukang	Xie Shoukang, (1897-1973)	http://data.bnf.fr/ark:/12148/cb14386668m#foaf:Person	http://www.idref.fr/105717304
M Xie Shoukang	Xie Shoukang, (1897-1973)	http://data.bnf.fr/ark:/12148/cb14386668m#foaf:Person	http://www.idref.fr/105717304
M  Xie Shoukang	Xie Shoukang, (1897-1973)	http://data.bnf.fr/ark:/12148/cb14386668m#foaf:Person	http://www.idref.fr/105717304
M. Xie Shoukang	Xie Shoukang, (1897-1973)	http://data.bnf.fr/ark:/12148/cb14386668m#foaf:Person	http://www.idref.fr/105717304
M.  Xie Shoukang	Xie Shoukang, (1897-1973)	http://data.bnf.fr/ark:/12148/cb14386668m#foaf:Person	http://www.idref.fr/105717304
Cheou-Kang Sie	Xie Shoukang, (1897-1973)	http://data.bnf.fr/ark:/12148/cb14386668m#foaf:Person	http://www.idref.fr/105717304
Chéou-Kang-Sié	Xie Shoukang, (1897-1973)	http://data.bnf.fr/ark:/12148/cb14386668m#foaf:Person	http://www.idref.fr/105717304
Sié Cheou-Tchang	Xie Shoukang, (1897-1973)	http://data.bnf.fr/ark:/12148/cb14386668m#foaf:Person	http://www.idref.fr/105717304
Hiong King-lai	Xiong, Qinglai (1893-1969)	http://data.bnf.fr/ark:/12148/cb123628257#foaf:Person	http://www.idref.fr/032635788
Qinglai Xiong	Xiong, Qinglai (1893-1969)	http://data.bnf.fr/ark:/12148/cb123628257#foaf:Person	http://www.idref.fr/032635788
Xiong	Xiong, Qinglai (1893-1969)	http://data.bnf.fr/ark:/12148/cb123628257#foaf:Person	http://www.idref.fr/032635788
Q Xiong	Xiong, Qinglai (1893-1969)	http://data.bnf.fr/ark:/12148/cb123628257#foaf:Person	http://www.idref.fr/032635788
Q. Xiong	Xiong, Qinglai (1893-1969)	http://data.bnf.fr/ark:/12148/cb123628257#foaf:Person	http://www.idref.fr/032635788
M Xiong	Xiong, Qinglai (1893-1969)	http://data.bnf.fr/ark:/12148/cb123628257#foaf:Person	http://www.idref.fr/032635788
M Qinglai Xiong	Xiong, Qinglai (1893-1969)	http://data.bnf.fr/ark:/12148/cb123628257#foaf:Person	http://www.idref.fr/032635788
M. Xiong	Xiong, Qinglai (1893-1969)	http://data.bnf.fr/ark:/12148/cb123628257#foaf:Person	http://www.idref.fr/032635788
M. Qinglai Xiong	Xiong, Qinglai (1893-1969)	http://data.bnf.fr/ark:/12148/cb123628257#foaf:Person	http://www.idref.fr/032635788
Ch′ing-lai Hsiung	Xiong, Qinglai (1893-1969)	http://data.bnf.fr/ark:/12148/cb123628257#foaf:Person	http://www.idref.fr/032635788
Ti-chih Hsiung	Xiong, Qinglai (1893-1969)	http://data.bnf.fr/ark:/12148/cb123628257#foaf:Person	http://www.idref.fr/032635788
Di Zhi Hiong	Xiong, Qinglai (1893-1969)	http://data.bnf.fr/ark:/12148/cb123628257#foaf:Person	http://www.idref.fr/032635788
King-laï Hiong	Xiong, Qinglai (1893-1969)	http://data.bnf.fr/ark:/12148/cb123628257#foaf:Person	http://www.idref.fr/032635788
 X.L.C.B.	X.L.C.B., (1885-1962)	http://data.bnf.fr/ark:/12148/cb114648530#foaf:Person
X.L.C.B.	X.L.C.B., (1885-1962)	http://data.bnf.fr/ark:/12148/cb114648530#foaf:Person
 X.L.C.B.	X.L.C.B., (1885-1962)	http://data.bnf.fr/ark:/12148/cb114648530#foaf:Person
. X.L.C.B.	X.L.C.B., (1885-1962)	http://data.bnf.fr/ark:/12148/cb114648530#foaf:Person
M X.L.C.B.	X.L.C.B., (1885-1962)	http://data.bnf.fr/ark:/12148/cb114648530#foaf:Person
M  X.L.C.B.	X.L.C.B., (1885-1962)	http://data.bnf.fr/ark:/12148/cb114648530#foaf:Person
M. X.L.C.B.	X.L.C.B., (1885-1962)	http://data.bnf.fr/ark:/12148/cb114648530#foaf:Person
M.  X.L.C.B.	X.L.C.B., (1885-1962)	http://data.bnf.fr/ark:/12148/cb114648530#foaf:Person
Lingyun Xie	Xie, Ling yun	http://data.bnf.fr/ark:/12148/cb166591026#foaf:Person	http://www.idref.fr/079725201	http://dbpedia.org/resource/Xie_Lingyun
Ling yun Xie	Xie, Ling yun	http://data.bnf.fr/ark:/12148/cb166591026#foaf:Person	http://www.idref.fr/079725201	http://dbpedia.org/resource/Xie_Lingyun
Xie	Xie, Ling yun	http://data.bnf.fr/ark:/12148/cb166591026#foaf:Person	http://www.idref.fr/079725201	http://dbpedia.org/resource/Xie_Lingyun
L Xie	Xie, Ling yun	http://data.bnf.fr/ark:/12148/cb166591026#foaf:Person	http://www.idref.fr/079725201	http://dbpedia.org/resource/Xie_Lingyun
L. Xie	Xie, Ling yun	http://data.bnf.fr/ark:/12148/cb166591026#foaf:Person	http://www.idref.fr/079725201	http://dbpedia.org/resource/Xie_Lingyun
M Xie	Xie, Ling yun	http://data.bnf.fr/ark:/12148/cb166591026#foaf:Person	http://www.idref.fr/079725201	http://dbpedia.org/resource/Xie_Lingyun
M Ling yun Xie	Xie, Ling yun	http://data.bnf.fr/ark:/12148/cb166591026#foaf:Person	http://www.idref.fr/079725201	http://dbpedia.org/resource/Xie_Lingyun
M. Xie	Xie, Ling yun	http://data.bnf.fr/ark:/12148/cb166591026#foaf:Person	http://www.idref.fr/079725201	http://dbpedia.org/resource/Xie_Lingyun
M. Ling yun Xie	Xie, Ling yun	http://data.bnf.fr/ark:/12148/cb166591026#foaf:Person	http://www.idref.fr/079725201	http://dbpedia.org/resource/Xie_Lingyun
康乐 谢	Xie, Ling yun	http://data.bnf.fr/ark:/12148/cb166591026#foaf:Person	http://www.idref.fr/079725201	http://dbpedia.org/resource/Xie_Lingyun
Kang le Xie	Xie, Ling yun	http://data.bnf.fr/ark:/12148/cb166591026#foaf:Person	http://www.idref.fr/079725201	http://dbpedia.org/resource/Xie_Lingyun
灵运 谢	Xie, Ling yun	http://data.bnf.fr/ark:/12148/cb166591026#foaf:Person	http://www.idref.fr/079725201	http://dbpedia.org/resource/Xie_Lingyun
靈運 謝	Xie, Ling yun	http://data.bnf.fr/ark:/12148/cb166591026#foaf:Person	http://www.idref.fr/079725201	http://dbpedia.org/resource/Xie_Lingyun
Wilhelm Holtzmann	Xylander, Guilielmus (1532-1576)	http://data.bnf.fr/ark:/12148/cb12237778z#foaf:Person	http://dbpedia.org/resource/Guilielmus_Xylander	http://www.idref.fr/031094716
Guilielmus Xylander	Xylander, Guilielmus (1532-1576)	http://data.bnf.fr/ark:/12148/cb12237778z#foaf:Person	http://dbpedia.org/resource/Guilielmus_Xylander	http://www.idref.fr/031094716
Xylander	Xylander, Guilielmus (1532-1576)	http://data.bnf.fr/ark:/12148/cb12237778z#foaf:Person	http://dbpedia.org/resource/Guilielmus_Xylander	http://www.idref.fr/031094716
G Xylander	Xylander, Guilielmus (1532-1576)	http://data.bnf.fr/ark:/12148/cb12237778z#foaf:Person	http://dbpedia.org/resource/Guilielmus_Xylander	http://www.idref.fr/031094716
G. Xylander	Xylander, Guilielmus (1532-1576)	http://data.bnf.fr/ark:/12148/cb12237778z#foaf:Person	http://dbpedia.org/resource/Guilielmus_Xylander	http://www.idref.fr/031094716
M Xylander	Xylander, Guilielmus (1532-1576)	http://data.bnf.fr/ark:/12148/cb12237778z#foaf:Person	http://dbpedia.org/resource/Guilielmus_Xylander	http://www.idref.fr/031094716
M Guilielmus Xylander	Xylander, Guilielmus (1532-1576)	http://data.bnf.fr/ark:/12148/cb12237778z#foaf:Person	http://dbpedia.org/resource/Guilielmus_Xylander	http://www.idref.fr/031094716
M. Xylander	Xylander, Guilielmus (1532-1576)	http://data.bnf.fr/ark:/12148/cb12237778z#foaf:Person	http://dbpedia.org/resource/Guilielmus_Xylander	http://www.idref.fr/031094716
M. Guilielmus Xylander	Xylander, Guilielmus (1532-1576)	http://data.bnf.fr/ark:/12148/cb12237778z#foaf:Person	http://dbpedia.org/resource/Guilielmus_Xylander	http://www.idref.fr/031094716
Guglielmo Xylandro	Xylander, Guilielmus (1532-1576)	http://data.bnf.fr/ark:/12148/cb12237778z#foaf:Person	http://dbpedia.org/resource/Guilielmus_Xylander	http://www.idref.fr/031094716
Wilhelm Xylander	Xylander, Guilielmus (1532-1576)	http://data.bnf.fr/ark:/12148/cb12237778z#foaf:Person	http://dbpedia.org/resource/Guilielmus_Xylander	http://www.idref.fr/031094716
